,port_code,port_name
0,101,"Portland, Maine"
1,102,"Bangor, Maine"
2,103,"Eastport, Maine"
3,104,"Jackman, Maine"
4,104,"Jackman, Maine"
5,105,"Vanceboro, Maine"
6,105,"Vanceboro, Maine"
7,106,"Houlton, Maine"
8,106,"Houlton, Maine"
9,107,"Fort Fairfield, Maine"
10,107,"Fort Fairfield, Maine"
11,108,"Van Buren, Maine"
12,108,"Van Buren, Maine"
13,109,"Madawaska, Maine"
14,109,"Madawaska, Maine"
15,110,"Fort Kent, Maine"
16,110,"Fort Kent, Maine"
17,111,"Bath, Maine"
18,111,"Bath, Maine"
19,112,"Bar Harbor, Maine"
20,112,"Bar Harbor, Maine"
21,114,"Manchester, New Hampshire"
22,114,"Manchester, New Hampshire"
23,115,"Calais, Maine"
24,115,"Calais, Maine"
25,118,"Limestone, Maine"
26,118,"Limestone, Maine"
27,121,"Rockland, Maine"
28,121,"Rockland, Maine"
29,122,"Jonesport, Maine"
30,122,"Jonesport, Maine"
31,127,"Bridgewater, Maine"
32,127,"Bridgewater, Maine"
33,131,"Portsmouth, New Hampshire"
34,131,"Portsmouth, New Hampshire"
35,132,"Belfast, Maine"
36,150,"Border Patrol Sector, Hodgdon, Maine"
37,150,"Border Patrol Sector, Hodgdon, Maine"
38,151,"Houlton Border Patrol, Houlton, Maine"
39,151,"Houlton Border Patrol, Houlton, Maine"
40,152,"Searsport, Maine"
41,152,"Searsport, Maine"
42,153,"Jackman Border Patrol, Jackman, Maine"
43,153,"Jackman Border Patrol, Jackman, Maine"
44,154,"Rangeley Border Patrol, Rangeley, Maine"
45,154,"Rangeley Border Patrol, Rangeley, Maine"
46,155,"Van Buren Border Patrol, Van Buren, Maine"
47,155,"Van Buren Border Patrol, Van Buren, Maine"
48,156,"Fort Fairfield Border Patrol, Fort Fairfield, Maine"
49,156,"Fort Fairfield Border Patrol, Fort Fairfield, Maine"
50,157,"Calais Border Patrol, Calais, Maine"
51,157,"Calais Border Patrol, Calais, Maine"
52,181,"Lebanon Airport, New Hampshire"
53,182,"Manchester User Fee Airport, New Hampshire"
54,182,"Manchester User Fee Airport, New Hampshire"
55,201,"St. Albans, Vermont"
56,201,"St. Albans, Vermont"
57,203,"Richford, Vermont"
58,203,"Richford, Vermont"
59,206,"Beecher Falls, Vermont"
60,206,"Beecher Falls, Vermont"
61,207,"Burlington, Vermont"
62,209,"Derby Line, Vermont"
63,210,"Newport, Vermont"
64,211,"Norton, Vermont"
65,212,"Highgate Springs/Alburg, Vermont"
66,214,"Swanton, Vermont"
67,221,"Northeast Region, Boston, Massachusetts"
68,221,"Northeast Region, Boston, Massachusetts"
69,250,"Border Patrol Sector, Swanton, Vermont"
70,250,"Border Patrol Sector, Swanton, Vermont"
71,251,"Swanton Border Patrol, Swanton, Vermont"
72,251,"Swanton Border Patrol, Swanton, Vermont"
73,252,"Richford Border Patrol, Richford, Vermont"
74,252,"Richford Border Patrol, Richford, Vermont"
75,253,"Newport Vermont Border Patrol, Newport, Vermont"
76,253,"Newport Vermont Border Patrol, Newport, Vermont"
77,254,"Beecher Falls Border Patrol, Beecher Falls, Vermont"
78,254,"Beecher Falls Border Patrol, Beecher Falls, Vermont"
79,255,"Champlain Border Patrol, Champlain, New York"
80,255,"Champlain Border Patrol, Champlain, New York"
81,256,"Ogdensburg Border Patrol, Ogdensburg, New York"
82,256,"Ogdensburg Border Patrol, Ogdensburg, New York"
83,257,"Massena Border Patrol, Massena, New York"
84,257,"Massena Border Patrol, Massena, New York"
85,258,"Burke New York Border Patrol, Burke, New York"
86,258,"Burke New York Border Patrol, Burke, New York"
87,281,"Lebanon Airport, Lebanon, New Hampshire"
88,401,"Boston, Massachusetts"
89,401,"Boston, Massachusetts"
90,402,"Springfield, Massachusetts"
91,402,"Springfield, Massachusetts"
92,403,"Worcester, Massachusetts"
93,403,"Worcester, Massachusetts"
94,404,"Gloucester, Massachusetts"
95,404,"Gloucester, Massachusetts"
96,405,"New Bedford, Massachusetts"
97,405,"New Bedford, Massachusetts"
98,406,"Plymouth, Massachusetts"
99,406,"Plymouth, Massachusetts"
100,407,"Fall River, Massachusetts"
101,407,"Fall River, Massachusetts"
102,408,"Salem, Massachusetts"
103,408,"Beverly, Massachusetts"
104,409,"Provincetown, Massachusetts"
105,410,"Bridgeport, Connecticut"
106,410,"Bridgeport, Connecticut"
107,411,"Hartford, Connecticut"
108,411,"Hartford, Connecticut"
109,412,"New Haven, Connecticut"
110,412,"New Haven, Connecticut"
111,413,"New London, Connecticut"
112,413,"New London, Connecticut"
113,416,"Lawrence, Massachusetts"
114,416,"Lawrence, Massachusetts"
115,417,"Logan Airport, East Boston, Massachusetts"
116,417,"Logan Airport, East Boston, Massachusetts"
117,481,"Hanscom User Fee Airport, Bedford, Massachusetts"
118,481,"Hanscom User Fee Airport, Bedford, Massachusetts"
119,499,"Boston-Cartage Control, Boston, Massachusetts"
120,501,"Newport, Rhode Island"
121,501,"Newport, Rhode Island"
122,502,"Providence, Rhode Island"
123,502,"Providence, Rhode Island"
124,503,"Mellville, Rhode Island"
125,503,"Mellville, Rhode Island"
126,701,"Ogdensburg, New York"
127,701,"Ogdensburg, New York"
128,704,"Massena, New York"
129,704,"Massena, New York"
130,706,"Cape Vincent, New York"
131,706,"Cape Vincent, New York"
132,708,"Alexandria Bay, New York"
133,708,"Alexandria Bay, New York"
134,709,"Burke, New York"
135,709,"Burke, New York"
136,712,"ChamplainRouses Point, New York"
137,712,"Champlain-Rouses Point, New York"
138,714,"Clayton, New York"
139,714,"Clayton, New York"
140,715,"Trout River, New York"
141,715,"Trout River, New York"
142,781,"Plattsburgh International Airport, Plattsburgh, New York"
143,799,"Champlain-Cartage Cont, Champlain, New York"
144,799,"Champlain-Cartage Cont, Champlain, New York"
145,901,"Buffalo-Niagara Falls, New York"
146,901,"Buffalo-Niagara Falls, New York"
147,903,"Rochester, New York"
148,903,"Rochester, New York"
149,904,"Oswego, New York"
150,904,"Oswego, New York"
151,905,"Sodus Point, New York"
152,905,"Sodus Point, New York"
153,906,"Syracuse, New York"
154,906,"Syracuse, New York"
155,921,"Northeast Region, Boston Massachusetts"
156,950,"Border Patrol Sector, Tonawanda, New York"
157,951,"Buffalo Border Patrol, Tonawanda, New York"
158,952,"Niagara Falls Border Patrol Station, Niagara Falls, New York"
159,953,"Watertown Border Patrol, Wellesley Island, New York"
160,954,"Fulton New York Border Patrol, Fulton, New York"
161,954,"Fulton New York Border Patrol, Fulton, New York"
162,971,"TNT Skypak, New York"
163,972,"Swift Sure Courier Services, Buffalo, New York"
164,978,"Syracuse International Airport, New York"
165,979,"Buffalo Niagara International Airport, New York"
166,981,"Binghamton Regional Airport, New York"
167,981,"Binghamton Regional Airport, New York"
168,982,"Griffiss International User Fee Airport, Rome, New York"
169,1001,"New York, New York"
170,1001,"New York, New York"
171,1002,"Albany, New York"
172,1002,"Albany, New York"
173,1003,"Newark, New Jersey"
174,1004,"Perth Amboy, New Jersey"
175,1005,"Long Island, New York"
176,1005,"Long Island, New York"
177,1006,"Fishkill, New York"
178,1006,"Fishkill, New York"
179,1007,"Napanoch, New York"
180,1007,"Napanoch, New York"
181,1012,"John F. Kennedy Airport, New York"
182,1101,"Philadelphia, Pennsylvania"
183,1101,"Philadelphia, Pennsylvania"
184,1102,"Chester, Pennsylvania"
185,1102,"Chester, Pennsylvania"
186,1103,"Wilmington, Delaware"
187,1103,"Wilmington, Delaware"
188,1104,"Pittsburgh, Pennsylvania"
189,1104,"Pittsburgh, Pennsylvania"
190,1105,"Paulsboro, Pennsylvania"
191,1106,"WilkesBarre/Scranton, Pennsylvania"
192,1106,"Wilkes-Barre/Scranton, Pennsylvania"
193,1107,"Camden, New Jersey"
194,1108,"Philadelphia International Airport, Philadelphia, Pennsylvania"
195,1108,"Philadelphia International Airport, Philadelphia, Pennsylvania"
196,1109,"Harrisburg, Pennsylvania"
197,1109,"Harrisburg, Pennsylvania"
198,1110,"Cherry Hill, New Jersey"
199,1110,"Cherry Hill, New Jersey"
200,1119,"Allentown, Pennsylvania"
201,1119,"Allentown, Pennsylvania"
202,1181,"Allentown-Bethlehem, Philadelphia, Pennsylvania"
203,1182,"Atlantic City User Fee Airport, New Jersey"
204,1182,"Atlantic City User Fee Airport, New Jersey"
205,1183,"Trenton/Mercer Country User Fee Airport, New Jersey"
206,1183,"Trenton/Mercer County User Fee Airport, New Jersey"
207,1195,"UPS Courier Hub Facility, Pennsylvania"
208,1195,"UPS Courier Hub Facility, Philadelphia, Pennsylvania"
209,1301,"Annapolis, Maryland"
210,1301,"Annapolis, Maryland"
211,1302,"Cambridge, Maryland"
212,1302,"Cambridge, Maryland"
213,1303,"Baltimore, Maryland"
214,1303,"Baltimore, Maryland"
215,1304,"Crisfield, Maryland"
216,1304,"Crisfield, Maryland"
217,1305,"Baltimore-Washington International Airport, Maryland"
218,1305,"Baltimore-Washington International Airport, Baltimore, Maryland"
219,1307,"Dover, Delaware"
220,1401,"Norfolk, Virginia"
221,1401,"Norfolk, Virginia"
222,1402,"Newport News, Virginia"
223,1403,"Norfolk Subport, Norfolk, Virginia"
224,1404,"RichmondPetersburg, Virginia"
225,1404,"Richmond-Petersburg, Virginia"
226,1405,"Harrisonburg, Virginia"
227,1405,"Harrisonburg, Virginia"
228,1406,"Cape Charles, Virginia"
229,1407,"Reedville, Virginia"
230,1408,"Hopewell, Virginia"
231,1409,"Charleston, West Virginia"
232,1409,"Charleston, West Virginia"
233,1410,"Front Royal, Virginia"
234,1410,"Front Royal, Virginia"
235,1411,"Fraudulent Document Lab, Virginia"
236,1411,"Fraudulent Document Lab, McLean, Virginia"
237,1501,"Wilmington, North Carolina"
238,1502,"Winston-Salem, North Carolina"
239,1503,"Durham, North Carolina"
240,1511,"BeaufortMorehead City, North Carolina"
241,1511,"Beaufort-Morehead City, North Carolina"
242,1512,"Charlotte, North Carolina"
243,1512,"Charlotte, North Carolina"
244,1520,"Hamilton, ONT"
245,1520,"Hamilton, ONT"
246,1527,"Clarkson, ONT"
247,1527,"Clarkson, ONT"
248,1528,"Britt, ONT"
249,1528,"Britt, ONT"
250,1530,"Lakeview, ONT"
251,1530,"Mississauga, ONT"
252,1530,"Port Credit, ONT"
253,1530,"Lakeview, ONT/Mississauga, ONT/Port Credit, ONT"
254,1530,"Lakeview, ONT"
255,1530,"Mississauga, ONT"
256,1530,"Port Credit, ONT"
257,1530,"Lakeview, ONT/Mississauga, ONT/Port Credit, ONT"
258,1535,"Toronto, ONT"
259,1535,"Toronto, ONT"
260,1581,"Charlotte-Monroe User Fee Airport, Monroe, North Carolina"
261,1599,"Wilmington Cartage Cont, Wilmington, North Carolina"
262,1601,"Charleston, South Carolina"
263,1601,"Charleston, South Carolina"
264,1602,"Georgetown, South Carolina"
265,1602,"Georgetown, South Carolina"
266,1603,"GreenvilleSpartanburg, South Carolina"
267,1603,"Greenville-Spartanburg, South Carolina"
268,1604,"Columbia, South Carolina"
269,1608,"Greer, South Carolina"
270,1608,"Greer, South Carolina"
271,1652,"Picton, ONT"
272,1652,"Picton, ONT"
273,1653,"Bath, ONT"
274,1653,"Bath, ONT"
275,1670,"Kingston, ONT"
276,1670,"Kingston, ONT"
277,1681,"Myrtle Beach International Airport, Myrtle Beach, South Carolina"
278,1681,"Myrtle Beach International Airport, Myrtle Beach, South Carolina"
279,1690,"Saint Catharines, ONT"
280,1690,"St. Catharines, ONT"
281,1690,"Saint Catharines, ONT/St. Catharines, ONT"
282,1690,"Saint Catharines, ONT"
283,1690,"St. Catharines, ONT"
284,1690,"Saint Catharines, ONT/St. Catharines, ONT"
285,1694,"Brockville, ONT"
286,1694,"Brockville, ONT"
287,1696,"Morrisburg, ONT"
288,1696,"Morrisburg, ONT"
289,1697,"Rocky Point, ONT"
290,1697,"Rocky Point, ONT"
291,1700,"Port Johnstown, ONT"
292,1700,"Prescott, ONT"
293,1700,"Port Johnstown, ONT/Prescott, ONT"
294,1700,"Port Johnstown, ONT"
295,1700,"Prescott, ONT"
296,1700,"Port Johnstown, ONT/Prescott, ONT"
297,1701,"Brunswick, Georgia"
298,1701,"Brunswick, Georgia"
299,1703,"Savannah, Georgia"
300,1703,"Savannah, Georgia"
301,1704,"Atlanta, Georgia"
302,1704,"Atlanta, Georgia"
303,1705,"Cardinal, ONT"
304,1705,"Cardinal, ONT"
305,1705,"Albany, Georgia"
306,1705,"Albany, Georgia"
307,1706,"Dalton, Georgia"
308,1706,"Dalton, Georgia"
309,1709,"Hartsfield Airport, Atlanta, Georgia"
310,1709,"Hartsfield Airport, Atlanta, Georgia"
311,1755,"Port for Tracking, Savannah, Georgia"
312,1755,"Port for Tracking, Savannah, Georgia"
313,1758,"Olympics Security, Atlanta, Georgia"
314,1758,"Olympics Security, Atlanta, Georgia"
315,1759,"Atlanta-Olympics, Atlanta, Georgia"
316,1759,"Atlanta-Olympics, Atlanta, Georgia"
317,1781,"Cobb County International Airport, Kenshaw, Georgia"
318,1784,"Cornwall, ONT"
319,1784,"Cornwall, ONT"
320,1801,"Tampa, Florida"
321,1801,"Tampa, Florida"
322,1803,"Jacksonville, Florida"
323,1803,"Jacksonville, Florida"
324,1804,"Tallahassee, Florida"
325,1804,"Tallahassee, Florida"
326,1805,"Fernandina Beach, Florida"
327,1805,"Fernandina Beach, Florida"
328,1806,"Beauharnoi, QUE"
329,1806,"Beauharnoi, QUE"
330,1806,"Carrabelle, Florida"
331,1807,"Tracy, QUE"
332,1807,"Tracy, QUE"
333,1807,"Boca Grande, Florida"
334,1807,"Boca Grande, Florida"
335,1808,"Orlando, Florida"
336,1808,"Orlando, Florida"
337,1809,"Orlando-Sanford Airport, Sanford, Florida"
338,1809,"Orlando-Sanford Airport, Sanford, Florida"
339,1811,"Sarasota/Bradenton, Manatee, Florida"
340,1811,"Sarasota/Bradenton, Manatee, Florida"
341,1814,"St. Petersburg, Florida"
342,1814,"St. Petersburg, Florida"
343,1816,"Port Canaveral, Florida"
344,1816,"Port Canaveral, Florida"
345,1817,"Apalachicola, Florida"
346,1818,"Panama City, Florida"
347,1818,"Panama City, Florida"
348,1819,"Pensacola, Florida"
349,1819,"Pensacola, Florida"
350,1820,"Port St. Joe, Florida"
351,1820,"Port St. Joe, Florida"
352,1821,"Port Manatee, Florida"
353,1821,"Port Manatee, Florida"
354,1822,"Montreal, QUE"
355,1822,"Montreal, QUE"
356,1822,"Fort Myers, Florida"
357,1822,"Fort Myers, Florida"
358,1823,"Pointe aux Trembles, ONT"
359,1823,"Pointe aux Trembles, ONT"
360,1832,"Levis, QUE"
361,1832,"Levis, QUE"
362,1851,"Tampa Border Patrol, Tampa, Florida"
363,1851,"Tampa Border Patrol, Tampa, Florida"
364,1852,"Jacksonville Border Patrol, Jacksonville, Florida"
365,1852,"Jacksonville Border Patrol, Jacksonville, Florida"
366,1853,"Orlando Border Patrol, Orlando, Florida"
367,1853,"Orlando Border Patrol, Orlando, Florida"
368,1880,"Naples Municipal Airport, Naples, Florida"
369,1881,"Southwest Florida Fort, Myers, Florida"
370,1881,"Lakeland Linder Airport, Lakeland, Florida"
371,1882,"Sanford Regional Airport, Sanford, Florida"
372,1883,"Sarasota-Bradenton Airport, Sarasota, Florida"
373,1883,"Sarasota-Bradenton Airport, Sarasota, Florida"
374,1884,"Daytona Beach International Airport, Daytona Beach, Florida"
375,1884,"Daytona Beach International Airport, Daytona Beach, Florida"
376,1885,"Melbourne Regional Airport, Melbourne, Florida"
377,1885,"Melbourne Regional Airport, Melbourne, Florida"
378,1886,"Ocala Regional Airport, Ocala, Florida"
379,1887,"Leesburg Regional Airport, Leesburg, Florida"
380,1888,"Orlando Executive Airport, Orlando, Florida"
381,1889,"St. Augustine Airport (User Fee Airport), St Augustine, Florida"
382,1899,"Tampa Cartage Control, Tampa, Florida"
383,1901,"Mobile, Alabama"
384,1901,"Mobile, Alabama"
385,1902,"Gulfport, Mississippi"
386,1903,"Pascagoula, Mississippi"
387,1904,"Birmingham, Alabama"
388,1905,"Apalachicola, Florida"
389,1906,"Carrabelle, Florida"
390,1908,"Pensacola, Florida"
391,1909,"Port St. Joe, Florida"
392,1910,"Huntsville, Alabama"
393,1910,"Huntsville, Alabama"
394,1951,"Gulfport Border Patrol, Gulfport, Mississippi"
395,1951,"Gulfport Border Patrol, Gulfport, Mississippi"
396,1952,"Mobile Border Patrol, Mobile, Alabama"
397,1952,"Mobile Border Patrol, Mobile, Alabama"
398,2001,"Morgan City, Louisiana"
399,2001,"Morgan City, Louisiana"
400,2002,"New Orleans, Louisiana"
401,2002,"New Orleans, Louisiana"
402,2003,"Little Rock, Arkansas"
403,2003,"Little Rock, Arkansas"
404,2004,"Baton Rouge, Louisiana"
405,2004,"Baton Rouge, Louisiana"
406,2005,"Port Sulphur, Louisiana"
407,2006,"Memphis, Tennessee"
408,2006,"Memphis, Tennessee"
409,2007,"Nashville, Tennessee"
410,2007,"Nashville, Tennessee"
411,2008,"Chattanooga, Tennessee"
412,2008,"Chattanooga, Tennessee"
413,2009,"Destrehan, Louisiana"
414,2010,"Gramercy, Louisiana"
415,2010,"Gramercy, Louisiana"
416,2011,"Greenville, Mississippi"
417,2011,"Greenville, Mississippi"
418,2012,"Avondale, Louisiana"
419,2013,"St. Rose, Louisiana"
420,2014,"Good Hope, Louisiana"
421,2015,"Vicksburg, Mississippi (Include Jackson Municipal Airport)"
422,2015,"Vicksburg, Mississippi (Include Jackson Municipal Airport)"
423,2016,"Knoxville, Tennessee"
424,2016,"Knoxville, Tennessee"
425,2017,"Lake Charles, Louisiana"
426,2017,"Lake Charles, Louisiana"
427,2018,"ShreveportBossier City, Louisiana"
428,2018,"Shreveport-Bossier City, Louisiana"
429,2019,"Lake Charles, Louisiana"
430,2020,"Lake Charles, Louisiana"
431,2021,"Houma, Louisiana"
432,2021,"Houma, Louisiana"
433,2023,"Lafayette, Louisiana"
434,2023,"Lafayette, Louisiana"
435,2024,"Ft. Smith, Arkansas"
436,2024,"Ft. Smith, Arkansas"
437,2025,"Fayetteville, Arkansas"
438,2025,"Fayetteville, Arkansas"
439,2026,"Texarkana, Arkansas"
440,2026,"Texarkana, Arkansas"
441,2027,"Tri-City User Fee Airport, Blountville, Tennessee"
442,2027,"Tri-City Airport, Blountville, Tennessee"
443,2050,"Border Patrol Sector, New Orleans, Louisiana"
444,2050,"Border Patrol Sector HQ, New Orleans, Louisiana"
445,2051,"Lake Charles Border Patrol, Lake Charles, Louisiana"
446,2051,"Lake Charles Border Patrol, Lake Charles, Louisiana"
447,2052,"Baton Rouge Border Patrol, Baton Rouge, Louisiana"
448,2052,"Baton Rouge Border Patrol, Baton Rouge, Louisiana"
449,2053,"New Orleans Border Patrol, New Orleans, Louisiana"
450,2053,"New Orleans Border Patrol, New Orleans, Louisiana"
451,2054,"Little Rock Border Patrol, Little Rock, Arkansas"
452,2054,"Little Rock Border Patrol, Little Rock, Arkansas"
453,2081,"Jackson Airport, Jackson, Mississippi"
454,2081,"Jackson Airport, Jackson, Mississippi"
455,2083,"Arkansas Aesoplex, Blythville, Tennessee"
456,2084,"Rogers Municipal Airport/Carter, Rogers, Arkansas"
457,2084,"Rogers Municipal Airport, Rogers, Arkansas"
458,2095,"Federal Express Courier, Memphis, Tennessee"
459,2095,"Federal Express Courier, Memphis, Tennessee"
460,2097,"Nashville, Tennessee Cartage-Con, New Orleans, Louisiana"
461,2098,"Memphis, Tennessee Cartage-Control, New Orleans, Louisiana"
462,2099,"New Orleans Cartage-Control, New Orleans, Louisiana"
463,2101,"Port Arthur, Texas"
464,2101,"Port Arthur, Texas"
465,2102,"Sabine, Texas"
466,2102,"Sabine, Texas"
467,2103,"Orange, Texas"
468,2103,"Orange, Texas"
469,2104,"Beaumont, Texas"
470,2150,"Border Patrol Sector HQ, Yuma, Arizona"
471,2151,"Blythe California Border Patrol, Blythe, California"
472,2152,"Yuma Arizona Border Patrol, Yuma, Arizona"
473,2153,"Wellton Arizona Border Patrol, Wellton, Arizona"
474,2153,"Wellton Arizona Border Patrol, Wellton, Arizona"
475,2201,"Galveston, Texas"
476,2204,"Freeport, Texas"
477,2205,"Corpus Christi, Texas"
478,2208,"Port Lavaca, Texas"
479,2250,"Border Patrol Sector, Laredo, Texas"
480,2250,"Border Patrol Sector HQ, Laredo, Texas"
481,2251,"Laredo Del Mar Border Patrol, Laredo, Texas"
482,2251,"Laredo Del Mar Border Patrol, Laredo, Texas"
483,2252,"Cotulla Texas Border Patrol, Cotulla, Texas"
484,2252,"Cotulla Texas Border Patrol, Cotulla, Texas"
485,2253,"Hebbronville Texas Border Patrol, Hebbronville, Texas"
486,2253,"Hebbronville Texas Border Patrol, Hebbronville, Texas"
487,2254,"Laredo South Border Patrol, Laredo, Texas"
488,2254,"Laredo South Border Patrol, Laredo, Texas"
489,2255,"Dallas Border Patrol, Euless, Texas"
490,2255,"Dallas Border Patrol, Euless, Texas"
491,2256,"Freer Texas Border Patrol, Freer, Texas"
492,2256,"Freer Texas Border Patrol, Freer, Texas"
493,2257,"San Antonio Border Patrol, San Antonio, Texas"
494,2257,"San Antonio Border Patrol, San Antonio, Texas"
495,2258,"Zapata Texas Border Patrol, Zapata, Texas"
496,2258,"Zapata Texas Border Patrol, Zapata, Texas"
497,2259,"Laredo West Station, Laredo, Texas"
498,2301,"Brownsville, Texas"
499,2301,"Brownsville, Texas"
500,2302,"Del Rio, Texas"
501,2302,"Del Rio, Texas"
502,2303,"Eagle Pass, Texas"
503,2303,"Eagle Pass, Texas"
504,2304,"Laredo, Texas"
505,2304,"Laredo, Texas"
506,2305,"Hidalgo, Texas"
507,2305,"Hidalgo, Texas"
508,2307,"Rio Grande City, Texas"
509,2307,"Rio Grande City, Texas"
510,2308,"San Antonio, Texas"
511,2309,"Progresso, Texas"
512,2309,"Progreso, Texas"
513,2310,"Roma, Texas"
514,2310,"Roma, Texas"
515,2330,"Harlingen, Texas"
516,2330,"Harlingen, Texas"
517,2350,"Border Patrol Sector, Del Rio, Texas"
518,2350,"Border Patrol Sector HQ, Del Rio, Texas"
519,2351,"Comstock Border Patrol, Comstock, Texas"
520,2351,"Comstock Border Patrol, Comstock, Texas"
521,2352,"Carrizo Springs Border Patrol, Carrizo Springs, Texas"
522,2352,"Carrizo Springs Border Patrol, Carrizo Springs, Texas"
523,2353,"Del Rio Border Patrol, Del Rio, Texas"
524,2353,"Del Rio Border Patrol, Del Rio, Texas"
525,2354,"Eagle Pass Border Patrol, Eagle Pass, Texas"
526,2354,"Eagle Pass Border Patrol, Eagle Pass, Texas"
527,2355,"Brackettville Border Patrol, Brackettville, Texas"
528,2355,"Brackettville Border Patrol, Brackettville, Texas"
529,2356,"Uvalde Texas Border Patrol, Uvalde, Texas"
530,2356,"Uvalde Texas Border Patrol, Uvalde, Texas"
531,2357,"Rocksprings Border Patrol, Rocksprings, Texas"
532,2357,"Rocksprings Border Patrol, Rocksprings, Texas"
533,2358,"Llano Texas Border Patrol, Llano, Texas"
534,2358,"Llano Texas Border Patrol, Llano, Texas"
535,2359,"San Angelo Border Patrol, San Angelo, Texas"
536,2359,"San Angelo Border Patrol, San Angelo, Texas"
537,2360,"Abilene Texas Border Patrol, Abilene, Texas"
538,2360,"Abilene Texas Border Patrol, Abilene, Texas"
539,2361,"Border Patrol Sector HQ, McAllen, Texas"
540,2362,"Mercedes Border Patrol, Weslaco, Texas"
541,2363,"Falfurrias Border Patrol, Falfurrias, Texas"
542,2364,"Rio Grande City Border Patrol, Rio Grande City, Texas"
543,2365,"McAllen Border Patrol, McAllen, Texas"
544,2366,"Brownsville Border Patrol, Brownsville, Texas"
545,2367,"Harlingen Border Patrol, Harlingen, Texas"
546,2368,"Kingsville Border Patrol, Kingsville, Texas"
547,2369,"Fort Brown Border Patrol, Brownsville, Texas"
548,2370,"Corpus Christie Border Patrol, Corpus Christie, Texas"
549,2377,"Harlingen # Valley International, Harlingen, Texas"
550,2381,"Edinburg International Airport, Edinburg, Texas"
551,2382,"Midland International Airport, Midland, Texas"
552,2383,"Valley International User Fee Airport, Harlingen, Texas"
553,2393,"Brownsville-Cartage Control, Brownsville, Texas"
554,2393,"Brownsville-Cartage Control, Brownsville, Texas"
555,2394,"Del Rio-Cartage Control, Del Rio, Texas"
556,2395,"Eagle Pass-Cartage Control, Eagle Pass, Texas"
557,2396,"San Antonio-Cartage Control, San Antonio, Texas"
558,2396,"San Antonio-Cartage Control, San Antonio, Texas"
559,2397,"Roma-Cartage Control, Roma, Texas"
560,2397,"Roma-Cartage Control, Roma, Texas"
561,2398,"Hidalgo Cartage Control, Pharr, Texas"
562,2398,"Hidalgo Cartage Control, Pharr, Texas"
563,2399,"Laredo Cartage Control, Laredo, Texas"
564,2401,"El Paso District, El Paso, Texas"
565,2401,Area Port of Ysleta
566,2402,"El Paso, Texas"
567,2402,"El Paso, Texas"
568,2403,"Presidio, Texas"
569,2403,"Presidio, Texas"
570,2404,"Fabens, Texas"
571,2404,"Tornillo, Texas"
572,2406,"Columbus, New Mexico"
573,2407,"Albuquerque, New Mexico"
574,2408,"Santa Teresa, New Mexico"
575,2409,"Fort Hancock, Texas"
576,2410,"Boquillas, Texas"
577,2420,"Deming, New Mexico"
578,2421,"Las Cruces, New Mexico"
579,2422,"Alamogordo, New Mexico"
580,2423,"Carlsbad, New Mexico"
581,2423,"Carlsbad, New Mexico"
582,2424,"Alpine, Texas"
583,2424,"Alpine, Texas"
584,2425,"Midland, Texas"
585,2425,"Midland, Texas"
586,2426,"Van Horn, Texas"
587,2426,"Van Horn, Texas"
588,2427,"Marfa, Texas"
589,2427,"Marfa, Texas"
590,2450,"Border Patrol Sector, El Paso, Texas"
591,2450,"Border Patrol Sector HQ, El Paso, Texas"
592,2451,"Lordsburg New Mexico Border Patrol, Lordsburg, New Mexico"
593,2451,"Lordsburg New Mexico Border Patrol, Lordsburg, New Mexico"
594,2452,"Truth or Cons Border Patrol, Truth or Cons, New Mexico"
595,2452,"Truth or Cons Border Patrol, Truth or Cons, New Mexico"
596,2453,"Las Cruces Border Patrol, Las Cruces, New Mexico"
597,2453,"Las Cruces Border Patrol, Las Cruces, New Mexico"
598,2454,"El Paso Border Patrol, El Paso, Texas"
599,2454,"El Paso Border Patrol, El Paso, Texas"
600,2455,"Fabens Texas Border Patrol, Fabens, Texas"
601,2455,"Fabens Texas Border Patrol, Fabens, Texas"
602,2456,"Alamogordo Border Patrol, Alamogordo, New Mexico"
603,2456,"Alamogordo Border Patrol, Alamogordo, New Mexico"
604,2457,"Fort Hancock Texas Border Patrol, Fort Hancock, Texas"
605,2457,"Fort Hancock Texas Border Patrol, Fort Hancock, Texas"
606,2458,"Carlsbad New Mexico Border Patrol, Carlsbad, New Mexico"
607,2458,"Carlsbad New Mexico Border Patrol, Carlsbad, New Mexico"
608,2459,"Deming New Mexico Border Patrol, Deming, New Mexico"
609,2459,"Deming New Mexico Border Patrol, Deming, New Mexico"
610,2460,"Silver City New Mexico Border Patrol, Silver City, New Mexico"
611,2460,"Silver City New Mexico Border Patrol, Silver City, New Mexico"
612,2461,"Ysleta Border Patrol, El Paso, Texas"
613,2461,"Ysleta Border Patrol, El Paso, Texas"
614,2462,"Albuquerque Border Patrol, Albuquerque, New Mexico"
615,2462,"Albuquerque Border Patrol, Albuquerque, New Mexico"
616,2463,"Santa Teresa Border Patrol, Santa Teresa, New Mexico"
617,2463,"Santa Teresa Border Patrol, Santa Teresa, New Mexico"
618,2479,"El Paso International Airport, Texas"
619,2481,"Santa Teresa Airport, Santa Teresa, New Mexico"
620,2481,"Santa Teresa Airport, Santa Teresa, New Mexico"
621,2482,"Roswell Industrial Airport, Roswell, New Mexico"
622,2482,"Roswell Industrial Airport, Roswell, New Mexico"
623,2499,"El Paso Cartage Control, El Paso, Texas"
624,2499,"El Paso Cartage Control, El Paso, Texas"
625,2501,"San Diego, California"
626,2501,"San Diego, California"
627,2502,"Andrade, California"
628,2502,"Andrade, California"
629,2503,"Calexico, California"
630,2503,"Calexico, California"
631,2504,"San Ysidro, California"
632,2504,"San Ysidro, California"
633,2505,"Tecate, California"
634,2505,"Tecate, California"
635,2506,"Otay Mesa Station, California"
636,2506,"Otay Mesa, California"
637,2507,"Calexico-East, California"
638,2520,"Oceanside, California"
639,2520,"Oceanside, California"
640,2521,"El Centro, California"
641,2521,"El Centro, Oceanside, California"
642,2550,"Border Patrol Sector, El Centro, California"
643,2550,"Border Patrol Sector HQ, El Centro, California"
644,2551,"Indio California Border Patrol, Indio, California"
645,2551,"Indio California Border Patrol, Indio, California"
646,2552,"El Centrol California Border Patrol, El Centrol, California"
647,2552,"El Centro California Border Patrol, El Centro, California"
648,2553,"Riverside California Border Patrol, Riverside, California"
649,2553,"Riverside California Border Patrol, Riverside, California"
650,2554,"Calexico California Border Patrol, Calexico, California"
651,2554,"Calexico California Border Patrol, Calexico, California"
652,2566,"Port Stanley, ONT"
653,2566,"Port Stanley, ONT"
654,2582,"Otay-Cross Border User Fee Airport, San Diego, California"
655,2601,"Douglas, Arizona"
656,2601,"Douglas, Arizona"
657,2602,"Lukeville, Arizona"
658,2602,"Lukeville, Arizona"
659,2603,"Naco, Arizona"
660,2603,"Naco, Arizona"
661,2604,"Nogales, Arizona"
662,2605,"Phoenix, Arizona"
663,2606,"Sasabe, Arizona"
664,2607,"Sells, Arizona"
665,2608,"San Luis, Arizona"
666,2609,"Tucson, Arizona"
667,2610,"Sierra Vista, Arizona"
668,2610,"Sierra Vista, Arizona"
669,2611,"Yuma, Arizona"
670,2611,"Yuma, Arizona"
671,2620,"Flagstaff, Arizona"
672,2620,"Flagstaff, Arizona"
673,2621,"Kingman, Arizona"
674,2621,"Kingman, Arizona"
675,2641,"Cayuga, ONT"
676,2641,"Port Colborne, ONT"
677,2641,"Cayuga, ONT/Port Colborne, ONT"
678,2641,"Cayuga, ONT"
679,2641,"Port Colborne, ONT"
680,2641,"Cayuga, ONT/Port Colborne, ONT"
681,2643,"Rockport, ONT"
682,2643,"Rockport, ONT"
683,2645,"Dunnville, ONT"
684,2645,"Welland, ONT"
685,2645,"Dunnville, ONT/Welland, ONT"
686,2645,"Dunnville, ONT"
687,2645,"Welland, ONT"
688,2645,"Dunnville, ONT/Welland, ONT"
689,2649,"Thorold, ONT"
690,2649,"Thorold, ONT"
691,2650,"Border Patrol Sector, Tucson, Arizona"
692,2650,"Border Patrol Sector HQ, Tucson, Arizona"
693,2651,"Casa Grande Arizona Border Patrol, Casa Grande, Arizona"
694,2651,"Casa Grande Arizona Border Patrol, Casa Grande, Arizona"
695,2652,"Tucson Arizona Border Patrol, Tucson, Arizona"
696,2652,"Tucson Arizona Border Patrol, Tucson, Arizona"
697,2653,"Nogales Arizona Border Patrol, Nogales, Arizona"
698,2653,"Nogales Arizona Border Patrol, Nogales, Arizona"
699,2654,"Willcox Arizona Border Patrol, Willcox, Arizona"
700,2654,"Willcox Arizona Border Patrol, Willcox, Arizona"
701,2655,"Douglas Arizona Border Patrol, Douglas, Arizona"
702,2655,"Douglas Arizona Border Patrol, Douglas, Arizona"
703,2656,"Ajo Arizona Border Patrol, Why, Arizona"
704,2656,"Ajo Arizona Border Patrol, Why, Arizona"
705,2657,"Naco Border Patrol, Bisbee, Arizona"
706,2657,"Naco Border Patrol, Bisbee, Arizona"
707,2658,"Sonoita Arizona Border Patrol, Sonoita, Arizona"
708,2658,"Sonoita Arizona Border Patrol, Sonoita, Arizona"
709,2681,"Scottsdale User Fee Airport, Scottsdale, Arizona"
710,2681,"Scottsdale User Fee Airport, Scottsdale, Arizona"
711,2682,"Williams Gateway Airport, Mesa, Arizona"
712,2682,"Phoenix-Mesa Gateway Airport, Mesa, Arizona"
713,2699,"Nogales Cartage Control, Nogales, Arizona"
714,2704,"Los Angeles, California"
715,2704,"Los Angeles, California"
716,2705,"Santa Ana/Orange, Santa Ana, California"
717,2705,"Santa Ana/Orange, Santa Ana, California"
718,2706,"Bakersfield, California"
719,2706,"Bakersfield, California"
720,2707,"Port San Luis, California"
721,2707,"Port San Luis Harbor, Avila Beach, California"
722,2709,"Long Beach, California"
723,2709,"Long Beach, California"
724,2711,"El Segundo, California"
725,2712,"Ventura, California"
726,2712,"Ventura, California"
727,2713,"Port Hueneme, California"
728,2713,"Port Hueneme, California"
729,2714,"San Bernardino, California"
730,2714,"San Bernardino, California"
731,2715,"Capitan, California"
732,2715,"Capitan, California"
733,2719,"Morro Bay, California"
734,2719,"Morro Bay, California"
735,2720,"Los Angeles International Airport, Los Angeles, California"
736,2720,"Los Angeles International Airport, Los Angeles, California"
737,2721,"Ontario International Airport, Ontario, California"
738,2721,"Ontario International Airport, Ontario, California"
739,2722,"Las Vegas, NV"
740,2722,"Las Vegas, NV"
741,2755,"Los Angeles Alternate, Los Angeles, California"
742,2755,"Los Angeles Alternate, Los Angeles, California"
743,2770,"DHL Worldwide, Los Angeles, California"
744,2771,"Ogden-Allied, Los Angeles, California"
745,2772,"Gateway Freight Services Inc., Los Angeles, California"
746,2773,"Air Cargo Handling Services, Palm Springs, California"
747,2774,"Virgin Atlantic Cargo, Los Angeles, California"
748,2775,"TNT Express Worldwide, Los Angeles, California"
749,2775,"Fedex Corp, Los Angeles, California"
750,2776,"IBC Pacific, Los Angeles, California"
751,2776,"International Bonded Couriers (IBC), Los Angeles, California"
752,2777,"Micom, Ingelwood, California"
753,2779,"Los Angeles International Airport, Los Angeles, California"
754,2781,"Palm Springs User Fee, Palm Springs, California"
755,2781,"Palm Springs User Fee, Palm Springs, California"
756,2782,"San Bernardino International Airport, San Bernardino, California"
757,2782,"San Bernardino International Airport, San Bernardino, California"
758,2783,"Southern California Logistics Airport Victorville, California"
759,2783,"Southern California Logistics Airport, Victorville, California"
760,2786,"Meadows Field Airport, Bakersfield, California"
761,2787,"John Wayne User Fee Airport, Santa Ana, California"
762,2788,"Van Nuys User Fee Airport, Van Nuys, California"
763,2791,"DHL Hub, Los Angeles, California"
764,2795,"UPS, Ontario, California"
765,2795,"UPS, Ontario, California"
766,2801,"San Francisco International Airport, San Francisco, California"
767,2801,"San Francisco International Airport, San Francisco, California"
768,2802,"Eureka, California"
769,2802,"Eureka, California"
770,2803,"Fresno, California"
771,2803,"Fresno, California"
772,2805,"Monterey, California"
773,2809,"San Francisco, California"
774,2810,"Stockton, California"
775,2811,"Oakland, California"
776,2812,"Richmond, California"
777,2813,"Alameda, California"
778,2815,"Crockett, California"
779,2815,"Crockett, California"
780,2816,"Sacramento, California"
781,2817,"Redding, California"
782,2817,"Redding, California"
783,2818,"San Francisco IAP, San Francisco, California"
784,2818,"San Francisco IAP, San Francisco, California"
785,2819,"Ogden, Utah"
786,2819,"Ogden, Utah"
787,2820,"Martinez, California"
788,2820,"Martinez, California"
789,2821,"Redwood City, California"
790,2821,"Redwood City, California"
791,2822,"Provo, Utah"
792,2822,"Provo, Utah"
793,2823,"St. George, Utah"
794,2823,"St. George, Utah"
795,2827,"Selby, California"
796,2827,"Selby, California"
797,2828,"San Joaquin River, California"
798,2828,"San Joaquin River, California"
799,2829,"San Pablo Bay, California"
800,2829,"San Pablo Bay, California"
801,2830,"Carquinez Strait, California"
802,2830,"Carquinez Strait, California"
803,2831,"Suisun Bay, California"
804,2831,"Suisin Bay, California"
805,2833,"Reno, Nevada"
806,2833,"Reno, Nevada"
807,2834,"San Jose International, San Francisco, California"
808,2834,"San Jose International Airport, California"
809,2835,"Sacramento International Airport, Sacramento, California"
810,2850,"Border Patrol Sector, Dublin, California"
811,2850,"Border Patrol Sector HQ, Dublin, California"
812,2851,"Sacramento Border Patrol, Sacramento, California"
813,2851,"Sacramento Border Patrol, Sacramento, California"
814,2852,"Stockton California Border Patrol, Stockton, California"
815,2852,"Stockton California Border Patrol, Stockton, California"
816,2853,"Fresno California Border Patrol, Fresno, California"
817,2853,"Fresno California Border Patrol, Fresno, California"
818,2854,"Bakersfield California Border Patrol, Bakersfield, California"
819,2854,"Bakersfield California Border Patrol, Bakersfield, California"
820,2855,"San Luis Obispo Border Patrol, San Luis, Obispo, California"
821,2855,"San Luis Obispo Border Patrol, San Luis Obispo, California"
822,2870,"DHL Worldwide Express, San Francisco, California"
823,2871,"Aircargo Handling Services, San Francisco, California"
824,2872,"TNT Skypak, San Francisco, California"
825,2873,"IBC Pacific, Burlingame, California"
826,2881,"Sacramento International Airport, Sacramento, California"
827,2895,"Federal Express Courier Facility, Oakland, California"
828,2895,"Fedex Courier Hub Facility, Oakland, California"
829,2901,"Astoria, Oregon"
830,2901,"Astoria, Oregon"
831,2902,"Newport, Oregon"
832,2902,"Newport, Oregon"
833,2903,"Coos Bay, Oregon"
834,2903,"Coos Bay, Oregon"
835,2904,"Portland, Oregon"
836,2904,"Portland, Oregon"
837,2905,"Longview, Washington"
838,2905,"Longview, Washington"
839,2907,"Boise, Idaho"
840,2907,"Boise, Idaho"
841,2908,"Vancouver, Washington"
842,2908,"Vancouver, Washington"
843,2909,"Kalama, Washington"
844,2909,"Kalama, Washington"
845,2910,"Portland International Airport, Portland, Washington"
846,2910,"Portland International Airport, Portland, Washington"
847,2911,"Twin Falls, Idaho"
848,2911,"Twin Falls, Idaho"
849,2912,"Idaho Falls, Idaho"
850,2912,"Idaho Falls, Idaho"
851,2913,"Pueblo, Colorado"
852,2913,"Pueblo, Colorado"
853,2914,"Durango, Colorado"
854,2914,"Durango, Colorado"
855,2915,"Alamosa, Colorado"
856,2915,"Alamosa, Colorado"
857,2916,"Grand Junction, Colorado"
858,2916,"Grand Junction, Colorado"
859,2917,"Glenwood Springs, Colorado"
860,2918,"Craig, Colorado"
861,2919,"Brush, Colorado"
862,2920,"Cheyenne, Wyoming"
863,2921,"Casper, Wyoming"
864,2981,"Kingsley Field, Klamath Falls, Oregon"
865,2982,"Rogue Valley/Medford Airport, Medford, Oregon"
866,2983,"Hillsboro Airport, Hillsboro, Oregon"
867,2991,"Federal Express Courier, Portland, Oregon"
868,3001,"Seattle, Washington"
869,3001,"Seattle, Washington"
870,3002,"Tacoma, Washington"
871,3002,"Tacoma, Washington"
872,3003,"Aberdeen, Washington"
873,3003,"Aberdeen, Washington"
874,3004,"Blaine, Washington"
875,3004,"Blaine, Washington"
876,3005,"Bellingham, Washington"
877,3005,"Bellingham, Washington"
878,3006,"Everett, Washington"
879,3006,"Everett, Washington"
880,3007,"Port Angeles, Washington"
881,3007,"Port Angeles, Washington"
882,3008,"Port Townsend, Washington"
883,3008,"Port Townsend, Washington"
884,3009,"Sumas, Washington"
885,3010,"Anacortes, Washington"
886,3011,"Nighthawk, Washington"
887,3012,"Danville, Washington"
888,3013,"Ferry, Washington"
889,3014,"Friday Harbor, Washington"
890,3015,"Boundary, Washington"
891,3015,"Boundary, Washington"
892,3016,"Laurier, Washington"
893,3016,"Laurier, Washington"
894,3017,"Point Roberts, Washington"
895,3017,"Point Roberts, Washington"
896,3018,"Kenmore Air Harbor, Washington"
897,3018,"Kenmore Air Harbor, Washington"
898,3019,"Oroville, Washington"
899,3019,"Oroville, Washington"
900,3020,"Frontier, Washington"
901,3020,"Frontier, Washington"
902,3021,"South Bend-Raymond, Washington"
903,3022,"Spokane, Washington"
904,3022,"Spokane, Washington"
905,3023,"Lynden, Washington"
906,3023,"Lynden, Washington"
907,3024,"Wenatchee, Washington"
908,3024,"Wenatchee, Washington"
909,3025,"Metaline Falls, Washington"
910,3025,"Metaline Falls, Washington"
911,3026,"Olympia, Washington"
912,3026,"Olympia, Washington"
913,3027,"Neah Bay, Washington"
914,3028,"Yakima, Washington"
915,3028,"Yakima, Washington"
916,3029,"SeattleTacoma International Airport, Seattle, Washington"
917,3029,"Seattle-Tacoma International Airport, Seattle, Washington"
918,3030,"Pasco, Washington"
919,3030,"Pasco, Washington"
920,3050,"Border Patrol Sector, Blaine, Washington"
921,3050,"Border Patrol Sector HQ, Blaine, Washington"
922,3051,"Blaine Washington Border Patrol, Blaine, Washington"
923,3051,"Blaine Washington Border Patrol, Blaine, Washington"
924,3052,"Lynden Washington Border Patrol, Lynden, Washington"
925,3052,"Lynden Washington Border Patrol, Lynden, Washington"
926,3053,"Bellingham Border Patrol, Bellingham, Washington"
927,3053,"Bellingham Border Patrol, Bellingham, Washington"
928,3054,"Port Angeles Border Patrol, Port Angeles, Washington"
929,3054,"Port Angeles Border Patrol, Port Angeles, Washington"
930,3071,"UPS, Seattle, Washington"
931,3071,"UPS, Seattle, Washington"
932,3072,"Avion Brokers @ Seatac, Seatac, Washington"
933,3072,"Avion Brokers @ Seatac, Seatac, Washington"
934,3073,"DHL Worldwide Express, Seatac, Washington"
935,3073,"DHL Worldwide Express, Seatac, Washington"
936,3074,"Airborne Express @ Seatac, Seatac, Washington"
937,3074,"Airborne Express @ Seatac, Seatac, Washington"
938,3078,"Spokane International Airport, Spokane, Washington"
939,3079,"Boeing Field/King County Airport, Seattle, Washington"
940,3081,"Yakima Air Terminal, Yakima, Washington"
941,3082,"Grant County Airport, Moses Lake, Washington"
942,3082,"Grant County Airport, Moses Lake, Washington"
943,3095,"UPS Courier Hub, Seatac, Washington"
944,3095,"UPS Courier Hub, Seattle, Washington"
945,3099,"Port of Puget Sound, Seattle, Washington"
946,3099,"Port of Puget Sound, Seattle, Washington"
947,3101,"Juneau, Alaska"
948,3101,"Juneau, Alaska"
949,3102,"Ketchikan, Alaska"
950,3102,"Ketchikan, Alaska"
951,3103,"Skagway, Alaska"
952,3103,"Skagway, Alaska"
953,3104,"Alcan, Alaska"
954,3104,"Alcan, Alaska"
955,3105,"Wrangell, Alaska"
956,3105,"Wrangell, Alaska"
957,3106,"Dalton Cache, Alaska"
958,3106,"Dalton Cache, Alaska"
959,3111,"Fairbanks, Alaska"
960,3115,"Sitka, Alaska"
961,3124,"Pelican, Alaska"
962,3126,"Anchorage, Alaska"
963,3127,"Kodiak, Alaska"
964,3181,"Saint Paul Airport, Anchorage, Alaska"
965,3181,"Saint Paul Airport, Anchorage, Alaska"
966,3195,"Federal Express Courier, Anchorage, Alaska"
967,3195,"Federal Express Courier Hub, Anchorage, Alaska"
968,3196,"UPS Courier Hub, Anchorage, Alaska"
969,3196,"UPS Courier Hub, Anchorage, Alaska"
970,3201,"Honolulu, Hawaii"
971,3201,"Honolulu, Hawaii"
972,3202,"Hilo, Hawaii"
973,3202,"Hilo, Hawaii"
974,3203,"Kahului, Hawaii"
975,3203,"Kahului, Hawaii"
976,3204,"NawiliwiliPort Allen, Hawaii"
977,3204,"Nawiliwili-Port Allen, Hawaii"
978,3205,"Honolulu International Airport, Honolulu, Hawaii"
979,3205,"Honolulu International Airport, Honolulu, Hawaii"
980,3206,"Kona, Hawaii"
981,3206,"Kona, Hawaii"
982,3207,"Guam Preclearance, San Francisco, California"
983,3207,"Guam Preclearance, Tamuning, Guam"
984,3208,"North Mariana Island, Guam"
985,3208,"North Mariana Island, Guam"
986,3209,"American Samoa, Guam"
987,3209,"American Samoa, Guam"
988,3210,Guam
989,3210,"Guam, Maite, Guam"
990,3211,"Saipan, Tamuning, Guam"
991,3212,"Tinian, Tamuning, Guam"
992,3213,"Rota, Tamuning, Guam"
993,3279,"Honolulu International Airport, Honolulu, Hawaii"
994,3279,"FedEx ECCF, Honolulu, Hawaii"
995,3295,"Honolulu Airport, Honolulu, Hawaii"
996,3301,"Raymond, Montana"
997,3301,"Raymond, Montana"
998,3302,"Eastport, Idaho"
999,3302,"Eastport, Idaho"
1000,3303,"Salt Lake City, Utah"
1001,3303,"Salt Lake City, Utah"
1002,3304,"Great Falls, Montana"
1003,3304,"Great Falls, Montana"
1004,3305,"Butte, Montana"
1005,3305,"Butte, Montana"
1006,3306,"Turner, Montana"
1007,3306,"Turner, Montana"
1008,3307,"Denver, Coloroda"
1009,3307,"Denver, Colorado"
1010,3308,"Porthill, Idaho"
1011,3308,"Porthill, Idaho"
1012,3309,"Scoby, Montana"
1013,3309,"Scobey, Montana"
1014,3310,"Sweetgrass, Montana"
1015,3310,"Sweetgrass, Montana"
1016,3312,"Whitetail, Montana"
1017,3316,"Piegan, Montana"
1018,3316,"Piegan, Montana"
1019,3317,"Opheim, Montana"
1020,3317,"Opheim, Montana"
1021,3318,"Roosville, Montana"
1022,3318,"Roosville, Montana"
1023,3319,"Morgan, Montana"
1024,3319,"Morgan, Montana"
1025,3321,"Whitlash, Montana"
1026,3321,"Whitlash, Montana"
1027,3322,"Del Bonita, Montana"
1028,3322,"Del Bonita, Montana"
1029,3323,"Wildhorse, Montana"
1030,3323,"Wildhorse, Montana"
1031,3324,"Kalispell Airport, Montana"
1032,3324,"Kalispell Airport, Montana"
1033,3325,"Willow Creek, Montana"
1034,3325,"Willow Creek, Montana"
1035,3326,"Billings, Montana"
1036,3326,"Billings, Montana"
1037,3327,"Vancouver, BC, Canada"
1038,3327,"Vancouver, BC, Canada"
1039,3328,"Calgary, Alberta, Canada"
1040,3328,"Calgary, Alberta, Canada"
1041,3329,"Edmonton, Alberta, Canada"
1042,3329,"Edmonton, Alberta, Canada"
1043,3331,"Opheim, Montana"
1044,3348,"Helena, Montana"
1045,3348,"Helena, Montana"
1046,3350,"Border Patrol Sector, Havre, Montana"
1047,3350,"Border Patrol Sector HQ, Havre, Montana"
1048,3351,"Havre Montana Border Patrol, Havre, Montana"
1049,3351,"Havre Montana Border Patrol, Havre, Montana"
1050,3352,"Malta Montana Border Patrol, Malta, Montana"
1051,3352,"Malta Montana Border Patrol, Malta, Montana"
1052,3353,"Billings Border Patrol, Billings Montana"
1053,3353,"Billings Border Patrol, Billings Montana"
1054,3354,"Twin Falls Border Patrol, Twin Falls, Idaho"
1055,3354,"Twin Falls Border Patrol, Twin Falls, Idaho"
1056,3355,"Shelby Montana Border Patrol, Shelby, Montana"
1057,3356,"Sweetgrass Montana Border Patrol, Sweetgrass, Montana"
1058,3357,"St. Mary Montana Border Patrol, Babb, Montana"
1059,3358,"Plentywood Montana Border Patrol, Plentywood, Montana"
1060,3359,"Scobey Montana Border Patrol, Scobey, Montana"
1061,3381,"Missoula User Fee Airport, Missoula, Montana"
1062,3382,"Natrona County International Airport, Wyoming"
1063,3383,"Jeffco User Fee Airport, Broofield, Colorado"
1064,3383,"Jeffco User Fee Airport, Broofield, Colorado"
1065,3384,"Arapahoe County Public Airport, Englewood, Colorado"
1066,3384,"Centennial Airport, Englewood, Colorado"
1067,3385,"Eagle County Regional Airport, Gypsum, Colorado"
1068,3385,"Eagle County Regional Airport, Gypsum, Colorado"
1069,3386,"Bozeman Yellowstone User Fee Airport, Belgrade, Montana"
1070,3401,"Pembina, North Dakota"
1071,3401,"Pembina, North Dakota"
1072,3403,"Portal, North Dakota"
1073,3403,"Portal, North Dakota"
1074,3404,"Neche, North Dakota"
1075,3404,"Neche, North Dakota"
1076,3405,"St. John, North Dakota"
1077,3405,"St. John, North Dakota"
1078,3406,"Northgate, North Dakota"
1079,3406,"Northgate, North Dakota"
1080,3407,"Walhalla, North Dakota"
1081,3407,"Walhalla, North Dakota"
1082,3408,"Hannah, North Dakota"
1083,3408,"Hannah, North Dakota"
1084,3409,"Sarles, North Dakota"
1085,3409,"Sarles, North Dakota"
1086,3410,"Ambrose, North Dakota"
1087,3410,"Ambrose, North Dakota"
1088,3411,"Fargo, North Dakota"
1089,3411,"Fargo International Airport, North Dakota"
1090,3412,"Fargo, Grand Forks, North Dakota"
1091,3412,"Fargo, Grand Forks, North Dakota"
1092,3413,"Antler, North Dakota"
1093,3413,"Antler, North Dakota"
1094,3414,"Sherwood, North Dakota"
1095,3414,"Sherwood, North Dakota"
1096,3415,"Hansboro, North Dakota"
1097,3415,"Hansboro, North Dakota"
1098,3416,"Maida, North Dakota"
1099,3416,"Maida, North Dakota"
1100,3417,"Fortuna, North Dakota"
1101,3417,"Fortuna, North Dakota"
1102,3419,"Westhope, North Dakota"
1103,3419,"Westhope, North Dakota"
1104,3420,"Noonan, North Dakota"
1105,3420,"Noonan, North Dakota"
1106,3421,"Carbury, North Dakota"
1107,3421,"Carbury, North Dakota"
1108,3422,"Dunseith, North Dakota"
1109,3422,"Dunseith, North Dakota"
1110,3423,"Warroad, Minnesota"
1111,3423,"Warroad, Minnesota"
1112,3424,"Baudette, Minnesota"
1113,3424,"Baudette, Minnesota"
1114,3425,"Pinecreek, Minnesota"
1115,3425,"Pinecreek, Minnesota"
1116,3426,"Roseau, Minnesota"
1117,3426,"Roseau, Minnesota"
1118,3427,"Grand Forks Airport, Grand Forks, North Dakota"
1119,3427,"Grand Forks Airport, Grand Forks, North Dakota"
1120,3428,"Winnipeg International Airport, Winnipeg, Canada"
1121,3428,"Winnipeg International Airport, Winnipeg, Canada"
1122,3429,"Crane Lake, Minnesota"
1123,3429,"Crane Lake, Minnesota"
1124,3430,"Lancaster, Minnesota"
1125,3430,"Lancaster, Minnesota"
1126,3431,"Minot, North Dakota"
1127,3431,"Minot, North Dakota"
1128,3432,"Grand Forks, North Dakota"
1129,3432,"Grand Forks, North Dakota"
1130,3433,"Williston Airport, Williston, North Dakota"
1131,3434,"Minot Airport, Minot, North Dakota"
1132,3450,"Border Patrol Sector, Grand Forks, North Dakota"
1133,3450,"Border Patrol Sector HQ, Grand Forks, North Dakota"
1134,3451,"Grand Forks Border Patrol, Grand Forks, North Dakota"
1135,3451,"Grand Forks Border Patrol, Grand Forks, North Dakota"
1136,3452,"Portal North Dakota Border Patrol, Portal, North Dakota"
1137,3452,"Portal North Dakota Border Patrol, Portal, North Dakota"
1138,3453,"Bottineau Border Patrol, Bottineau, North Dakota"
1139,3453,"Bottineau Border Patrol, Bottineau, North Dakota"
1140,3454,"Pembina (Noyes) Border Patrol, Hallock, Minnesota"
1141,3454,"Pembina (Noyes) Border Patrol, Hallock, Minnesota"
1142,3455,"International Falls Border Patrol, International Falls, Minnesota"
1143,3455,"International Falls Border Patrol, International Falls, Minnesota"
1144,3456,"Warroad Border Patrol, Warroad, Minnesota"
1145,3456,"Warroad Border Patrol, Warroad, Minnesota"
1146,3457,"Duluth Border Patrol, Duluth, Minnesota"
1147,3458,"Grand Marais Border Patrol, Grand Marais, Minnesota"
1148,3499,"Pembina Cartage Control, Pembina, North Dakota"
1149,3501,"Minneapolis-St. Paul, Minnesota"
1150,3502,"Sioux Falls, South Dakota"
1151,3502,"Sioux Falls, South Dakota"
1152,3503,"Rapid City, South Dakota"
1153,3503,"Rapid City, South Dakota"
1154,3504,"Amherstburg, ONT"
1155,3504,"Amherstburg, ONT"
1156,3505,"Cedar Rapids, Iowa"
1157,3505,"Cedar Rapids, Iowa"
1158,3506,"Kingsville, ONT"
1159,3506,"Kingsville, ONT"
1160,3506,"Sioux City, Iowa"
1161,3507,"Pelee Island, ONT"
1162,3507,"Scudder, ONT"
1163,3507,"Pelee Island, ONT/Scudder, ONT"
1164,3507,"Pelee Island, ONT"
1165,3507,"Scudder, ONT"
1166,3507,"Pelee Island, ONT/Scudder, ONT"
1167,3507,"Grand Island, Nebraska"
1168,3507,"Grand Island, Nebraska"
1169,3508,"Leamington, ONT"
1170,3508,"Leamington, ONT"
1171,3508,"North Platte, Nebraska"
1172,3508,"North Platte, Nebraska"
1173,3510,"Ojibway, ONT"
1174,3510,"Ojibway, ONT"
1175,3510,"Duluth, Wisconsin"
1176,3510,"Duluth, Wisconsin"
1177,3511,"Ashland, Wisconsin"
1178,3511,"Ashland, Wisconsin"
1179,3512,"Windsor, ONT"
1180,3512,"Windsor, ONT"
1181,3512,"Omaha, Nebraska"
1182,3512,"Omaha, Nebraska"
1183,3513,"Des Moines, Iowa"
1184,3513,"Des Moines, Iowa"
1185,3578,"Minneapolis-St. Paul Airport, Minnesota"
1186,3579,"Joe Foss Field Airport, South Dakota"
1187,3581,"Rochester, Minnesota User Fee Airport"
1188,3581,"Rochester, Minnesota User Fee Airport"
1189,3601,"Duluth, Minnesota"
1190,3602,"Ashland, Wisconsin"
1191,3604,"International Falls/Rainer, Minnesota"
1192,3604,"International Falls, Minnesota"
1193,3608,"Superior, Wisconsin"
1194,3613,"Grand Portage, Minnesota"
1195,3613,"Grand Portage, Minnesota"
1196,3614,"Silver Bay, Minnesota"
1197,3701,"Milwaukee, Wisconsin"
1198,3701,"Milwaukee, Wisconsin"
1199,3702,"Marinette, Wisconsin"
1200,3702,"Marinette, Wisconsin"
1201,3703,"Green Bay, Wisconsin"
1202,3703,"Green Bay, Wisconsin"
1203,3706,"Manitowoc, Wisconsin"
1204,3706,"Manitowoc, Wisconsin"
1205,3707,"Sheboygan, Wisconsin"
1206,3707,"Sheboygan, Wisconsin"
1207,3708,"Racine, Wisconsin"
1208,3708,"Racine, Wisconsin"
1209,3781,"Appleton International Airport, Appleton, Wisconsin"
1210,3801,"Detroit, Michigan"
1211,3801,"Detroit, Michigan"
1212,3802,"Port Huron, Michigan"
1213,3802,"Port Huron, Michigan"
1214,3803,"Sault Ste Marie, Michigan"
1215,3803,"Sault Ste Marie, Michigan"
1216,3804,"Saginaw/Bay City, Michigan"
1217,3804,"Saginaw/Bay City, Michigan"
1218,3805,"Battle Creek, Michigan"
1219,3805,"Battle Creek, Michigan"
1220,3806,"Grand Rapids, Michigan"
1221,3806,"Grand Rapids, Michigan"
1222,3807,"Detroit Metropolitan Airport, Michigan"
1223,3807,"Detroit Metropolitan Airport, Michigan"
1224,3808,"Escanaba, Michigan"
1225,3808,"Escanaba, Michigan"
1226,3809,"Marquette, Michigan"
1227,3809,"Marquette, Michigan"
1228,3814,"Algonac, Michigan"
1229,3814,"Algonac, Michigan"
1230,3815,"Muskegon, Michigan"
1231,3815,"Muskegon, Michigan"
1232,3816,"Grand Haven, Michigan"
1233,3816,"Grand Haven, Michigan"
1234,3818,"Rogers City, Michigan"
1235,3818,"Rogers City, Michigan"
1236,3819,"Detour City, Michigan"
1237,3819,"Detour City, Michigan"
1238,3820,"Mackinac Island, Michigan"
1239,3822,"South Haven, Michigan"
1240,3822,"South Haven, Michigan"
1241,3842,"Presque Island, Michigan"
1242,3842,"Presque Island, Michigan"
1243,3843,"Alpena, Michigan"
1244,3843,"Alpena, Michigan"
1245,3844,"Ferrysburg, Michigan"
1246,3850,"Border Patrol Sector HQ, Selfridge Angb, Michigan"
1247,3851,"Detroit Border Patrol, Detroit, Michigan"
1248,3852,"Sault Ste Marie Border Patrol, Sault Ste Marie, Michigan"
1249,3853,"Trenton Border Patrol, Trenton, Michigan"
1250,3854,"Port Huron Border Patrol, Marysville, Michigan"
1251,3855,"Grand Rapids Border Patrol, Holland, Michigan"
1252,3855,"Grand Rapids Border Patrol, Holland, Michigan"
1253,3879,"Detroit Metro Airport, Michigan"
1254,3881,"Oakland/Pontiac Airport, Detroit, Michigan"
1255,3881,"Oakland County International Airport, Detroit, Michigan"
1256,3882,"Willow Run Airport, Ypsilanti, Michigan"
1257,3882,"Willow Run Airport, Ypsilanti, Michigan"
1258,3901,"Chicago, Illinois"
1259,3901,"Chicago, Illinois, including O’Hare International Airport"
1260,3902,"Peoria, Illinois"
1261,3902,"Peoria, Illinois"
1262,3903,"Omaha, Nebraska"
1263,3904,"East Chicago, Indiana"
1264,3905,"Gary, Indiana"
1265,3905,"Gary, Indiana"
1266,3906,"O’Hara International Airport, Chicago, Illinois"
1267,3907,"Des Moines, Iowa"
1268,3908,"Davenport, IARock Island, Milan, Illinois"
1269,3908,"Davenport, Iowa - Rock Island, Milan, Illinois"
1270,3909,"Rockford Airport, Rockford, Illinois"
1271,3909,"Rockford Airport, Rockford, Illinois"
1272,3910,"Midway International Airport, Chicago, Illinois"
1273,3910,"Midway International Airport, Chicago, Illinois"
1274,3911,"Springfield, Illinois"
1275,3911,"Springfield, Illinois"
1276,3971,"Fedex ECCF, Chicago, Illinois"
1277,3972,"IBC ECCF, Chicago, Illinois"
1278,3979,"Epply Airfield Airport, Nebraska"
1279,3981,"Waukegan Regional Airport, Waukegan, Illinois"
1280,3982,"Greater Rockford Airport, Rockford, Illinois"
1281,3983,"Pal-Waukee User Fee Airport, Wheeling, Illinois"
1282,3984,"Dupage Airport Authority, West Chicago, Illinois"
1283,3984,"Dupage Airport Authority, West Chicago, Illinois"
1284,3985,"Decatur User Fee Airport, Decatur, Illinois"
1285,3991,"Nippon Courier Hub, Chicago, Illinois"
1286,3991,"DHL Chicago Hub, Chicago, Illinois"
1287,4101,"Cleveland, Ohio"
1288,4102,"Cincinnati, Ohio"
1289,4103,"Columbus, Ohio"
1290,4104,"Dayton, Ohio"
1291,4105,"Toledo, Ohio"
1292,4106,"Erie, Pennsylvania"
1293,4107,"Northern, Kentucky"
1294,4107,"Northern Kentucky, Fort Mitchell, KY"
1295,4109,"Conneaut, Ohio"
1296,4110,"Indianapolis, Indiana"
1297,4110,"Indianapolis, Indiana"
1298,4111,"Fairport Harbor, Ohio"
1299,4112,"Akron, Ohio"
1300,4113,"Evansville, Indiana"
1301,4114,"Lawrenceburg, Indiana"
1302,4115,"Louisville, Kentucky"
1303,4115,"Louisville, Kentucky"
1304,4116,"OwensboroEvansville, Indiana"
1305,4116,"Owensboro-Evansville, Indiana"
1306,4122,"Ashtabula/Conneaut, Ohio/Ashtabula, Ohio/Conneaut, Ohio"
1307,4122,"Ashtabula/Conneaut, Ohio"
1308,4122,"Ashtabula, Ohio"
1309,4122,"Conneaut, Ohio"
1310,4122,"Ashtabula/Conneaut, Ohio"
1311,4130,"London, Kentucky"
1312,4130,"London, Kentucky"
1313,4131,"Bowling Green, Kentucky"
1314,4131,"Bowling Green, Kentucky"
1315,4170,"Burlington Air Express, Toledo, Ohio"
1316,4181,"Airborne Air Park, Wilmington, Ohio"
1317,4182,"Rickenbacker Airport, Columbus, Ohio"
1318,4183,"Fort Wayne Airport, Fort Wayne, Indiana"
1319,4183,"Fort Wayne Airport, Fort Wayne, Indiana"
1320,4184,"Bluegrass Airport, Lexington, Kentucky"
1321,4184,"Blue Grass Airport, Lexington, Kentucky"
1322,4185,"Hulman Regional Airport, Terre Haute, Indiana"
1323,4191,"Airborne Express, Wilmington, Ohio"
1324,4192,"Burlington AIT Express, Toledo, Ohio"
1325,4195,"Emery Courier, Vandalia, Ohio"
1326,4196,"UPS Courier, Louisville, Kentucky"
1327,4196,"UPS Courier Hub, Louisville, Kentucky"
1328,4197,"DHL Courier, Cincinnati, Ohio"
1329,4197,"DHL Courier Hub, Cincinnati, Ohio"
1330,4198,"Federal Express Hub, Indianapolis, Indiana"
1331,4198,"Federal Express Hub, Indianapolis, Indiana"
1332,4501,"Kansas City, Missouri"
1333,4501,"Kansas City, Missouri"
1334,4502,"St. Joseph, Missouri"
1335,4502,"St. Joseph, Missouri"
1336,4503,"St. Louis, Missouri"
1337,4503,"St. Louis, Missouri"
1338,4504,"Wichita, Kansas"
1339,4504,"Wichita, Kansas"
1340,4505,"Springfield, Missouri"
1341,4505,"Springfield, Missouri"
1342,4506,"Spirit Of St. Louis Airport, St. Louis, Missouri"
1343,4507,"Kansas City Smart Port, Kansas City, Kansas"
1344,4581,"MidAmerica Airport, Mascoutah, Illinois"
1345,4601,"New York/Newark Area, Newark, New Jersey"
1346,4601,"New York/Newark Area, Newark, New Jersey"
1347,4602,"Perth Amboy, New Jersey"
1348,4602,"Perth Amboy, New Jersey"
1349,4670,"UPS, Newark, New Jersey"
1350,4670,"UPS ECCF, Newark, New Jersey"
1351,4671,"Federal Express, Newark, New Jersey"
1352,4671,"Federal Express ECCF, Newark, New Jersey"
1353,4681,"Morristown Airport, Morristown, New Jersey"
1354,4681,"Morristown Airport, Morristown, New Jersey"
1355,4682,"Stewart International Airport UFF, New Windsor, New York"
1356,4701,"John F. Kennedy Airport, Jamaica, New York"
1357,4701,"John F. Kennedy Airport, Jamaica, New York"
1358,4702,"John F. Kennedy Airport, Jamaica, New York"
1359,4755,"JFK Alternate, Jamaica, New York"
1360,4770,"Federal Express Corp., Jamaica, New York"
1361,4771,"NYACC, Jamaica, New York"
1362,4771,"NYACC ECCF, Jamaica, New York"
1363,4772,"DHL Airways, Jamaica, New York"
1364,4772,"DHL Airways, Jamaica, New York"
1365,4773,"Emery Worldwide, Jamaica, New York"
1366,4773,"Micom ECCF, Jamaica, New York"
1367,4774,"Air France, Jamaica, New York"
1368,4774,"IBC ECCF, Jamaica, New York"
1369,4775,"Dworkin/Cosell Courier, Jamaica, New York"
1370,4776,"Swissair (Skyracer), Jamaica, New York"
1371,4777,"Alitalia (Aliexpress), Jamaica, New York"
1372,4778,"Fedex Corp JFK ECCF, Jamaica, New York"
1373,4901,"Aguadilla, Puerto Rico"
1374,4904,"Fajardo, Puerto Rico"
1375,4906,"Humacao, Puerto Rico"
1376,4907,"Mayaguez, Puerto Rico"
1377,4907,"Mayaguez, Puerto Rico"
1378,4908,"Ponce, Puerto Rico"
1379,4908,"Ponce, Puerto Rico"
1380,4909,"San Juan, Puerto Rico"
1381,4909,"San Juan, Puerto Rico"
1382,4911,"Jobos, Puerto Rico"
1383,4912,"Guayanilla, Puerto Rico"
1384,4913,"San Juan International Airport, Old San Juan, Puerto Rico"
1385,4913,"San Juan International Airport, Old San Juan, Puerto Rico"
1386,4950,"Border Patrol Sector, Aguadilla, Puerto Rico"
1387,4950,"Border Patrol Sector HQ, Aguadilla, Puerto Rico"
1388,4951,"Ramey Puerto Rico Border Patrol, Aguadilla, Puerto Rico"
1389,4951,"Ramey Puerto Rico Border Patrol, Aguadilla, Puerto Rico"
1390,4978,"Luis Munoz International Airport, Puerto Rico"
1391,4979,"Rafael Hernandez Airport, Puerto Rico"
1392,5101,"Charlotte Amalie, Virgin Islands"
1393,5101,"Charlotte Amalie, St. Thomas, Virgin Islands"
1394,5102,"Cruz Bay, Virgin Islands"
1395,5102,"Cruz Bay, St. John, Virgin Islands"
1396,5103,"Coral Bay, Virgin Islands"
1397,5104,"Christiansted, Virgin Islands"
1398,5104,"Christiansted, St. Croix, Virgin Islands"
1399,5105,"Frederiksted, Virgin Islands"
1400,5105,"Frederiksted, St. Croix, Virgin Islands"
1401,5107,"St. Croix, Virgin Islands"
1402,5108,"Customs & Border Protection, St. Thomas, Virgin Islands"
1403,5201,"Miami, Florida"
1404,5201,"Miami, Florida"
1405,5202,"Key West, Florida"
1406,5202,"Key West, Florida"
1407,5203,"Port Everglades, Florida"
1408,5203,"Port Everglades, Florida"
1409,5204,"West Palm Beach, Florida"
1410,5204,"West Palm Beach, Florida"
1411,5205,"Fort Pierce, Florida"
1412,5205,"Fort Pierce, Florida"
1413,5206,"Miami International Airport , Miami, Florida"
1414,5206,"Miami International Airport, Miami, Florida"
1415,5207,"St. Croix, Virgin Islands"
1416,5208,"Charlotte Amalie, Virgin Islands"
1417,5210,"Fort Lauderdale International Airport, Fort Lauderdale, Florida"
1418,5210,"Fort Lauderdale International Airport, Fort Lauderdale, Florida"
1419,5211,"Key Largo, Florida"
1420,5211,"Key Largo, Florida"
1421,5212,"Pembroke Pines, Florida"
1422,5212,"Pembroke Pines, Florida"
1423,5250,"Border Patrol Sector, Pembroke Pines, Florida"
1424,5250,"Border Patrol Sector HQ, Pembroke Pines, Florida"
1425,5251,"Miami Border Patrol, Pembroke Pines, Florida"
1426,5251,"Miami Border Patrol, Pembroke Pines, Florida"
1427,5252,"West Palm Beach Border Patrol, West Palm Beach, Florida"
1428,5252,"West Palm Beach Border Patrol, West Palm Beach, Florida"
1429,5253,"Marathon Border Patrol, Marathon, Florida"
1430,5255,"Miami Alternate, Miami, Florida"
1431,5255,"Miami Alternate, Miami, Florida"
1432,5270,"International Courier Association, Miami, Florida"
1433,5271,"DHL Worldwide Express, Miami, Florida"
1434,5272,"Miami International Airport, Cargo Facilities Services, Inc., Miami, Florida"
1435,5273,"UPS Miami International Airport, Miami, Florida"
1436,5274,"Fedex Corp Miami ECCF, Miami, Florida"
1437,5281,"Marathon International Airport, Marathon, Florida"
1438,5282,"Boca Raton Airport, Boca Raton, Florida"
1439,5283,"Witham Field GAF, Stuart, Florida"
1440,5295,"UPS Miami International Airport, Miami, Florida"
1441,5295,"UPS Hub Miami International Airport, Miami, Florida"
1442,5296,"DHL Worldwide Express Hub, Miami, Florida"
1443,5297,"Fedex Courier Hub, Miami, Florida"
1444,5297,"Fedex Courier Hub, Miami, Florida"
1445,5298,"IBC Courier Hub, Miami, Florida"
1446,5298,"IBC Courier Hub, Miami, Florida"
1447,5299,"Miami Seaport Alternate, Miami, Florida"
1448,5301,"Houston, Texas"
1449,5301,"Houston, Texas"
1450,5302,"Dallas, Texas"
1451,5303,"Fort Worth, Texas"
1452,5304,"Oklahoma City, Oklahoma"
1453,5305,"Tulsa, Oklahoma"
1454,5306,"Texas City, Texas"
1455,5306,"Texas City, Texas"
1456,5309,"Houston George Bush Intercontinental Airport, Houston, Texas"
1457,5310,"Galveston, Texas"
1458,5311,"Freeport, Texas"
1459,5312,"Corpus Christi, Texas"
1460,5313,"Port Lavaca, Texas"
1461,5313,"Port Lavaca, Texas"
1462,5314,"Hobby International Airport, Houston, Texas"
1463,5315,"Ellington Field, Houston, Texas"
1464,5350,"Border Patrol Sector, McAllen, Texas"
1465,5351,"Mercedes (Weslaco) Border Patrol, Weslaco, Texas"
1466,5352,"Falfurrias Border Patrol, Falfurrias, Texas"
1467,5353,"Rio Grande City Border Patrol, Rio Grande, Texas"
1468,5354,"McAllen Texas Border Patrol, McAllen, Texas"
1469,5355,"Brownsville Border Patrol, Brownsville, Texas"
1470,5356,"Harlingen Texas Border Patrol, Harlingen, Texas"
1471,5357,"Kingsville Texas Border Patrol, Kingsville, Texas"
1472,5358,"Fort Brown Texas Border Patrol, Brownsville, Texas"
1473,5359,"Corpus Christi Border Patrol, Corpus Christi, Texas"
1474,5379,"George Bush Intercontinental Airport, Houston Texas"
1475,5381,"Sugar Land Regional Airport, Sugar Land, Texas"
1476,5382,"Conroe-North, Conroe, Texas"
1477,5401,"Washington, District of Columbia"
1478,5401,"Washington, District of Columbia"
1479,5402,"Alexandria, Virginia"
1480,5402,"Reagan National (DCA), Arlington, Virginia"
1481,5501,"Dallas/Ft. Worth Airport, Texas"
1482,5501,"Dallas/Ft. Worth Airport, Texas"
1483,5502,"Amarillo, Texas"
1484,5502,"Amarillo, Texas"
1485,5503,"Lubbock, Texas"
1486,5503,"Lubbock, Texas"
1487,5504,"Oklahoma City, Oklahoma"
1488,5504,"Oklahoma City, Oklahoma"
1489,5505,"Tulsa, Oklahoma"
1490,5505,"Tulsa, Oklahoma"
1491,5506,"Austin, Texas"
1492,5506,"Austin, Texas"
1493,5507,"San Antonio, Texas"
1494,5507,"San Antonio, Texas"
1495,5512,"Sombra, ONT"
1496,5512,"Sombra, ONT"
1497,5515,"Courtright, ONT"
1498,5515,"Lambton, ONT"
1499,5515,"Lampton, ONT"
1500,5515,"Courtright, ONT/Lambton, ONT/Lampton, ONT"
1501,5515,"Courtright, ONT"
1502,5515,"Lambton, ONT"
1503,5515,"Lampton, ONT"
1504,5515,"Courtright, ONT/Lambton, ONT/Lampton, ONT"
1505,5517,"Corunna, ONT"
1506,5517,"Corunna, ONT"
1507,5520,"Sarnia, ONT"
1508,5520,"Sarnia, ONT"
1509,5520,"Abilene, Texas"
1510,5520,"Abilene, Texas"
1511,5521,"San Angelo, Texas"
1512,5521,"San Angelo, Texas"
1513,5550,"Border Patrol Sector, Marfa, Texas"
1514,5550,"Border Patrol Sector HQ, Marfa, Texas"
1515,5551,"Lubbock Border Patrol, Lubbock, Texas"
1516,5551,"Lubbock Border Patrol, Lubbock, Texas"
1517,5552,"Amarillo Border Patrol, Amarillo, Texas"
1518,5552,"Amarillo Border Patrol, Amarillo, Texas"
1519,5553,"Presidio Texas Border Patrol, Presidio, Texas"
1520,5553,"Presidio Texas Border Patrol, Presidio, Texas"
1521,5554,"Marfa Texas Border Patrol, Marfa, Texas"
1522,5554,"Marfa Texas Border Patrol, Marfa, Texas"
1523,5555,"Pecos Texas Border Patrol, Pecos, Texas"
1524,5555,"Pecos Texas Border Patrol, Pecos, Texas"
1525,5556,"Fort Stockton Border Patrol, Fort Stockton, Texas"
1526,5556,"Fort Stockton Border Patrol, Fort Stockton, Texas"
1527,5557,"Sanderson Texas Border Patrol, Sanderson, Texas"
1528,5557,"Sanderson Texas Border Patrol, Sanderson, Texas"
1529,5558,"Alpine Texas Border Patrol, Alpine, Texas"
1530,5558,"Alpine Texas Border Patrol, Alpine, Texas"
1531,5559,"Big Bend Border Patrol, Big Bend, Texas"
1532,5559,"Big Bend Border Patrol, Big Bend, Texas"
1533,5560,"Sierra Blanca Border Patrol, Sierra Blanca, Texas"
1534,5560,"Sierra Blanca Border Patrol, Sierra Blanca, Texas"
1535,5561,"Van Horn Texas Border Patrol, Van Horn, Texas"
1536,5561,"Van Horn Texas Border Patrol, Van Horn, Texas"
1537,5562,"Midland Texas Border Patrol, Midland, Texas"
1538,5562,"Midland Texas Border Patrol, Midland, Texas"
1539,5578,"San Antonio International Airport, San Antonio, Texas"
1540,5579,"Austin-Bergstrom International Airport, Austin, Texas"
1541,5582,"Midland International Airport, Midland, Texas"
1542,5582,"Midland International Airport, Midland, Texas"
1543,5583,"Fort Worth Alliance Airport, Fort Worth, Texas"
1544,5583,"Fort Worth Alliance Airport, Fort Worth, Texas"
1545,5584,"Addison Airport, Addison, Texas"
1546,5584,"Addison Airport, Addison, Texas"
1547,5585,"Collin County Regional Airport, McKinney, Texas"
1548,5585,"Collin County Regional Airport, McKinney, Texas"
1549,5586,"Ardmore Municipal Airport, Ardmore, Oklahoma"
1550,5587,"Kelly Field Annex, San Antonio, Texas"
1551,5588,"Dallas Love Field, Dallas, Texas"
1552,5589,"Meacham International Airport, Fort Worth, Texas"
1553,5650,"Border Patrol Sector, Chula Vista, California"
1554,5650,"Border Patrol Sector HQ, Chula Vista, California"
1555,5651,"San Clemente, California"
1556,5651,"San Clemente Border Patrol, California"
1557,5652,"Temecula, California"
1558,5652,"Temecula Border Patrol, California"
1559,5653,"Brown Field, San Diego, California"
1560,5653,"Brown Field Border Patrol, San Diego, California"
1561,5654,"Chula Vista Border Patrol, California"
1562,5655,"Campo (Area II) Border Patrol, Campo, California"
1563,5656,"Boulevard California Border Patrol, Boulevard, California"
1564,5657,"El Cajon (Area I) Border Patrol, El Cajon, California"
1565,5658,"Imperial Beach Border Patrol, California"
1566,5750,"Border Patrol Sector HQ, Spokane, Washington"
1567,5751,"Spokane Border Patrol, Spokane, Washington"
1568,5751,"Spokane Border Patrol, Spokane, Washington"
1569,5752,"Pasco Washington Border Patrol, Richland, Washington"
1570,5752,"Pasco Washington Border Patrol, Richland, Washington"
1571,5753,"Oroville Washington Border Patrol, Oroville, Washington"
1572,5753,"Oroville Washington Border Patrol, Oroville, Washington"
1573,5754,"Wenatchee Washington Border Patrol, Wenatchee, Washington"
1574,5754,"Wenatchee Washington Border Patrol, Wenatchee, Washington"
1575,5755,"Colville Washington Border Patrol, Colville, Washington"
1576,5755,"Colville Washington Border Patrol, Colville, Washington"
1577,5756,"Bonners Ferry Idaho Border Patrol, Bonners Ferry, Idaho"
1578,5756,"Bonners Ferry Idaho Border Patrol, Bonners Ferry, Idaho"
1579,5757,"Whitefish Montana Border Patrol, Whitefish, Montana"
1580,5757,"Whitefish Montana Border Patrol, Whitefish, Montana"
1581,5758,"Eureka Montana Border Patrol, Eureka, Montana"
1582,5758,"Eureka Montana Border Patrol, Eureka, Montana"
1583,5759,"Curlew Washington Border Patrol, Curlew, Washington"
1584,6533,"Goderich, ONT"
1585,6533,"Goderich, ONT"
1586,6645,"Nanticoke, ONT"
1587,6645,"Nanticoke, ONT"
1588,6682,"Victoria Harbor, ONT"
1589,6682,"Victoria Harbor, ONT"
1590,6695,"Depot Harbor, ONT"
1591,6695,"Depot Harbor, ONT"
1592,6697,"Parry Sound, ONT"
1593,6697,"Parry Sound, ONT"
1594,6748,"Little Current, ONT"
1595,6748,"Little Current, ONT"
1596,6766,"Meldrum Bay, ONT"
1597,6766,"Meldrum Bay, ONT"
1598,6767,"Serpent Harbor, ONT"
1599,6767,"Spragge, ONT"
1600,6767,"Serpent Harbor, ONT/Spragge, ONT"
1601,6767,"Serpent Harbor, ONT"
1602,6767,"Spragge, ONT"
1603,6767,"Serpent Harbor, ONT/Spragge, ONT"
1604,6768,"Owen Sound, ONT"
1605,6768,"Owen Sound, ONT"
1606,6770,"Oakville, ONT"
1607,6770,"Oakville, ONT"
1608,7100,"Northeast Region, Boston, Massachusetts"
1609,7100,"Northeast Region, Boston, Massachusetts"
1610,7121,"Montreal Quebec Canada, Montreal, Canada"
1611,7121,"Montreal Quebec Canada, Montreal, Canada"
1612,7122,"Toronto Ontario Canada, Toronto, Canada"
1613,7122,"Toronto Ontario Canada, Toronto, Canada"
1614,7238,"Ottawa, ONT"
1615,7238,"Ottawa, ONT"
1616,7400,"Southeast Region, Miami, Florida"
1617,7400,"Southeast Region, Miami, Florida"
1618,7401,"CBP St. Thomas Preclearance, St. Thomas, Virgin Islands"
1619,7401,"CBP St. Thomas Preclearance, St. Thomas, Virgin Islands"
1620,7404,"CBP St. Croix Preclearance, St. Croix, Virgin Islands"
1621,7404,"CBP St. Croix Preclearance, St. Croix, Virgin Islands"
1622,7421,"CBP Bermuda Preclearance, Washington, DC"
1623,7421,"CBP Bermuda Preclearance, Washington, DC"
1624,7422,"CBP Freeport Preclearance, Washington, DC"
1625,7422,"CBP Freeport Preclearance, Washington, DC"
1626,7423,"CBP, Nassau Preclearance, Washington, DC"
1627,7423,"CBP, Nassau Preclearance, Washington, DC"
1628,7424,"CBP, Aruba Preclearance, Washington, DC"
1629,7424,"CBP, Aruba Preclearance, Washington, DC"
1630,7425,"CBP, Punta Cana International Preclearance, Washington, DC"
1631,7500,"South Central Region, New Orleans, Louisiana"
1632,7500,"South Central Region, New Orleans, Louisiana"
1633,7541,"Dublin, IE Preclearance, Washington, DC"
1634,7541,"Dublin, IE Preclearance, Washington, DC"
1635,7542,"Shannon IE Preclearance, Washington, DC"
1636,7542,"Shannon IE Preclearance, Washington, DC"
1637,7543,"CBP Abu Dhabi Preclearance, Washington, DC"
1638,7600,"Southwest Region, Houston, Texas"
1639,7700,"Pacific Region, Long Beach, California"
1640,7700,"Pacific Region, Long Beach, California"
1641,7728,"Pacific Region, San Francisco, California"
1642,7728,"Pacific Region, San Francisco, California"
1643,7729,"Pacific Region, San Francisco, California"
1644,7729,"Pacific Region, San Francisco, California"
1645,7900,"North Central Region, Chicago, Illinois"
1646,7900,"CBP North Central Region, Chicago, Illinois"
1647,7922,"CBP Vancouver Preclear, Washington, DC"
1648,7922,"CBP Vancouver Preclearance, Washington, DC"
1649,7923,"CBP Calgary Preclear, Washington, DC"
1650,7923,"CBP Calgary Preclearance, Washington, DC"
1651,7924,"CBP Edmonton Preclear, Washington, DC"
1652,7924,"CBP Edmonton Preclearance, Washington, DC"
1653,7925,"CBP Montreal Preclear, Washington, DC"
1654,7925,"CBP Montreal Preclearance, Washington, DC"
1655,7926,"CBP Toronto Preclear, Washington, DC"
1656,7926,"CBP Toronto Preclearance, Washington, DC"
1657,7928,"CBP Winnipeg Preclear, Washington, DC"
1658,7928,"CBP Winnipeg Preclearance, Washington, DC"
1659,7929,"CBP Ottawa Preclear, Washington, DC"
1660,7929,"CBP Ottawa Preclearance, Washington, DC"
1661,7930,"CBP Victoria Preclear, Washington, DC"
1662,7930,"CBP Victoria Preclearance, Washington, DC"
1663,7931,"CBP Halifax Nova Scotia Preclearance, Washington, DC"
1664,8525,"Algoma, ONT"
1665,8525,"Sault Ste. Marie, ONT"
1666,8525,"Soo, ONT"
1667,8525,"Algoma, ONT/Sault Ste. Marie, ONT/Soo, ONT"
1668,8525,"Algoma, ONT"
1669,8525,"Sault Ste. Marie, ONT"
1670,8525,"Soo, ONT"
1671,8525,"Algoma, ONT/Sault Ste. Marie, ONT/Soo, ONT"
1672,8526,"Bruce Mine, ONT"
1673,8526,"Bruce Mine, ONT"
1674,8527,"Thessalon, ONT"
1675,8527,"Thessalon, ONT"
1676,8528,"Fisher Harbour, BC"
1677,8528,"Fisher Harbour, BC"
1678,8530,"Mitchell Bay, ONT"
1679,8530,"Mitchell Bay, ONT"
1680,9000,All Other Canada Great Lakes Region Ports
1681,9000,"Bridgeburg, ONT"
1682,9000,"Fort Frances, ONT"
1683,9000,"Greenville, ONT"
1684,9000,"Slate Islands, ONT"
1685,9000,"Wiarton, ONT"
1686,9000,All Other Canada Great Lakes Region Ports
1687,9000,"Bridgeburg, ONT"
1688,9000,"Fort Frances, ONT"
1689,9000,"Greenville, ONT"
1690,9000,"Slate Islands, ONT"
1691,9000,"Wiarton, ONT"
1692,9232,"Calgary, Alberta"
1693,9232,"Calgary, Alberta"
1694,9554,"Otter Island, ONT"
1695,9554,"Otter Island, ONT"
1696,9555,"Michipicoten Harbor, ONT"
1697,9555,"Michipicoten, ONT"
1698,9555,"Michipicoten Harbor, ONT/Michipicoten, ONT"
1699,9555,"Michipicoten Harbor, ONT"
1700,9555,"Michipicoten, ONT"
1701,9555,"Michipicoten Harbor, ONT/Michipicoten, ONT"
1702,9601,"Marathon, ONT"
1703,9601,"Marathon, ONT"
1704,9605,"Walkerville, ONT"
1705,9605,"Walkerville, ONT"
1706,9662,"Fort Williams, ONT"
1707,9662,"Port Arthur, ONT"
1708,9662,"Thunder Bay, ONT"
1709,9662,"Fort Williams, ONT/Port Arthur, ONT/Thunder Bay, ONT"
1710,9662,"Fort Williams, ONT"
1711,9662,"Port Arthur, ONT"
1712,9662,"Thunder Bay, ONT"
1713,9662,"Fort Williams, ONT/Port Arthur, ONT/Thunder Bay, ONT"
1714,9663,"Port Weller, ONT"
1715,9663,"Port Weller, ONT"
1716,9665,"Bowmanville, ONT"
1717,9665,"Bowmanville, ONT"
1718,9667,"Whitefish River, ONT"
1719,9667,"Whitefish River, ONT"
1720,9669,"Heron Bay, ONT"
1721,9669,"Heron Bay, ONT"
1722,9670,"Oshawa, ONT"
1723,9670,"Oshawa, ONT"
1724,9671,"Port Whitby, ONT"
1725,9671,"Whitby, ONT"
1726,9671,"Port Whitby, ONT/Whitby, ONT"
1727,9671,"Port Whitby, ONT"
1728,9671,"Whitby, ONT"
1729,9671,"Port Whitby, ONT/Whitby, ONT"
1730,10100,All Other Greenland
1731,10100,Faeringehavn
1732,10100,Frederikshaab
1733,10100,Godhavn
1734,10100,Holsteinsborg
1735,10100,Ivigtut
1736,10100,Jakobshavn
1737,10100,Julianchaab
1738,10100,Julianehaab
1739,10100,Marmorilik
1740,10100,Mesters Vig
1741,10100,Mestersvig
1742,10100,Narsarssuak
1743,10100,Narssarssuaq
1744,10100,Tovkusoak
1745,10100,Tovqussaq
1746,10100,All Other Greenland
1747,10100,Faeringehavn
1748,10100,Frederikshaab
1749,10100,Godhavn
1750,10100,Holsteinsborg
1751,10100,Ivigtut
1752,10100,Jakobshavn
1753,10100,Julianchaab
1754,10100,Julianehaab
1755,10100,Marmorilik
1756,10100,Mesters Vig
1757,10100,Mestersvig
1758,10100,Narsarssuak
1759,10100,Narssarssuaq
1760,10100,Tovkusoak
1761,10100,Tovqussaq
1762,10101,Thule
1763,10101,Thule
1764,10125,Godthaab
1765,10125,Godthab
1766,10125,Godthaab/Godthab
1767,10125,Godthaab
1768,10125,Godthab
1769,10125,Godthaab/Godthab
1770,12200,All Other Canada Pacific Region Ports
1771,12200,"Butedale, BC"
1772,12200,"Dundas Island, BC"
1773,12200,"Esquimalt, BC"
1774,12200,"Hartley Bay, BC"
1775,12200,"Hartley, BC"
1776,12200,"Holsteinborg, BC"
1777,12200,"Jackson Bay, BC"
1778,12200,"Maple Bay, BC"
1779,12200,"McBride Bay, BC"
1780,12200,"Nootka, BC"
1781,12200,"Porcher Island, BC"
1782,12200,"San Mateo, BC"
1783,12200,"South Pender Island, BC"
1784,12200,"Steveston, BC"
1785,12200,"White Rock, BC"
1786,12200,All Other Canada Pacific Region Ports
1787,12200,"Butedale, BC"
1788,12200,"Dundas Island, BC"
1789,12200,"Esquimalt, BC"
1790,12200,"Hartley Bay, BC"
1791,12200,"Hartley, BC"
1792,12200,"Holsteinborg, BC"
1793,12200,"Jackson Bay, BC"
1794,12200,"Maple Bay, BC"
1795,12200,"McBride Bay, BC"
1796,12200,"Nootka, BC"
1797,12200,"Porcher Island, BC"
1798,12200,"San Mateo, BC"
1799,12200,"South Pender Island, BC"
1800,12200,"Steveston, BC"
1801,12200,"White Rock, BC"
1802,12202,"Port Alberni, BC"
1803,12202,"Port Alberni, BC"
1804,12203,"Alert Bay, BC"
1805,12203,"Alert Bay, BC"
1806,12204,"Port Clements, BC"
1807,12204,"Port Clements, BC"
1808,12205,"Sooke, BC"
1809,12205,"Sooke, BC"
1810,12206,"Texada, BC"
1811,12206,"Texada, BC"
1812,12207,"Campbell River, BC"
1813,12207,"Campbell River, BC"
1814,12208,"Howie Sound, BC"
1815,12208,"Squamish, BC"
1816,12208,"Twin Creeks, BC"
1817,12208,"Howie Sound, BC/Squamish, BC/Twin Creeks, BC"
1818,12208,"Howie Sound, BC"
1819,12208,"Squamish, BC"
1820,12208,"Twin Creeks, BC"
1821,12208,"Howie Sound, BC/Squamish, BC/Twin Creeks, BC"
1822,12209,"Ladysmith, BC"
1823,12209,"Ladysmith, BC"
1824,12210,"Masset, BC"
1825,12210,"Masset, BC"
1826,12211,"Port Hardy, BC"
1827,12211,"Port Hardy, BC"
1828,12212,"Woodfibre, BC"
1829,12212,"Woodfibre, BC"
1830,12213,"Cape Beale, BC"
1831,12213,"Cape Beale, BC"
1832,12214,"Blubber Bay, BC"
1833,12214,"Blubber Bay, BC"
1834,12215,"Beale Cove, BC"
1835,12215,"Beale Cove, BC"
1836,12216,"Bella Coola, BC"
1837,12216,"Bella Coola, BC"
1838,12217,"Jervis Inlet, BC"
1839,12217,"Jervis Inlet, BC"
1840,12218,"Ucuelet, BC"
1841,12218,"Ucuelet, BC"
1842,12219,"Sechelt, BC"
1843,12219,"Sechelt, BC"
1844,12229,"Chemainus, BC"
1845,12229,"Chemainus, BC"
1846,12231,"Cowichan Bay, BC"
1847,12231,"Cowichan Bay, BC"
1848,12234,"Crofton, BC"
1849,12234,"Crofton, BC"
1850,12237,"Elk Falls, BC"
1851,12237,"Elk Falls, BC"
1852,12246,"Duncan Bay, BC"
1853,12246,"Duncan Bay, BC"
1854,12261,"Fraser River, BC"
1855,12261,"Fraser River, BC"
1856,12275,"Gold River, BC"
1857,12275,"Gold River, BC"
1858,12287,"Kitimat, BC"
1859,12287,"Kitimat, BC"
1860,12406,"Nanaimo, BC"
1861,12406,"Nanaimo, BC"
1862,12407,"Harmac, BC"
1863,12407,"Harmac, BC"
1864,12408,"New Westminster, BC"
1865,12408,"New Westminster, BC"
1866,12420,"Port Edward, BC"
1867,12420,"Watson Island, BC"
1868,12420,"Port Edward, BC/Watson Island, BC"
1869,12420,"Port Edward, BC"
1870,12420,"Watson Island, BC"
1871,12420,"Port Edward, BC/Watson Island, BC"
1872,12422,"Port Alice, BC"
1873,12422,"Port Alice, BC"
1874,12426,"Port Mann, BC"
1875,12426,"Port Mann, BC"
1876,12428,"Port Mellon, BC"
1877,12428,"Port Mellon, BC"
1878,12430,"Port Moody, BC"
1879,12430,"Port Moody, BC"
1880,12441,"Powell River, BC"
1881,12441,"Powell River, BC"
1882,12442,"Prince Rupert, BC"
1883,12442,"Prince Rupert, BC"
1884,12444,"Port Simpson, BC"
1885,12444,"Port Simpson, BC"
1886,12468,"Sidney, BC"
1887,12468,"Sidney, BC"
1888,12475,"Stanovan, BC"
1889,12475,"Stanovan, BC"
1890,12478,"Stewart, BC"
1891,12478,"Stewart, BC"
1892,12482,"Tahsis, BC"
1893,12482,"Tahsis, BC"
1894,12488,"Whonnock, BC"
1895,12488,"Whonock, BC"
1896,12488,"Whonnock, BC/Whonock, BC"
1897,12488,"Whonnock, BC"
1898,12488,"Whonock, BC"
1899,12488,"Whonnock, BC/Whonock, BC"
1900,12489,"Robert’s Bank, BC"
1901,12489,"Robert’s Bank, BC"
1902,12490,"Mission, BC"
1903,12490,"Mission, BC"
1904,12491,"Union Bay, BC"
1905,12491,"Union Bay, BC"
1906,12492,"Van Anda, BC"
1907,12492,"Van Anda, BC"
1908,12493,"Gooch Island, BC"
1909,12493,"Vancouver, BC"
1910,12493,"Gooch Island, BC/Vancouver, BC"
1911,12493,"Gooch Island, BC"
1912,12493,"Vancouver, BC"
1913,12493,"Gooch Island, BC/Vancouver, BC"
1914,12494,"Ganges, BC"
1915,12494,"Victoria, BC"
1916,12494,"Ganges, BC/Victoria, BC"
1917,12494,"Ganges, BC"
1918,12494,"Victoria, BC"
1919,12494,"Ganges, BC/Victoria, BC"
1920,12495,"Burnaby, BC"
1921,12495,"Burnaby, BC"
1922,12496,"Delta, BC"
1923,12496,"Delta, BC"
1924,12497,"Richmond, BC"
1925,12497,"Richmond, BC"
1926,12498,"Oak Bay, BC"
1927,12498,"Oak Bay, BC"
1928,13400,All Other Canada Atlantic Region Ports
1929,13400,"Back Bay, NB"
1930,13400,"Bliss Harbor, NB"
1931,13400,"Bridgetown, NS"
1932,13400,"Deadmans Harbour, NB"
1933,13400,"Dipper Harbor, NB"
1934,13400,"Fox River, QUE"
1935,13400,"Maces Bay, NB"
1936,13400,"Red Head, NB"
1937,13400,"Sandy Cove, NS"
1938,13400,"Spences Island, NS"
1939,13400,"Wilsons Beach, NB"
1940,13400,All Other Canada Atlantic Region Ports
1941,13400,"Back Bay, NB"
1942,13400,"Bliss Harbor, NB"
1943,13400,"Bridgetown, NS"
1944,13400,"Deadmans Harbour, NB"
1945,13400,"Dipper Harbor, NB"
1946,13400,"Fox River, QUE"
1947,13400,"Maces Bay, NB"
1948,13400,"Red Head, NB"
1949,13400,"Sandy Cove, NS"
1950,13400,"Spences Island, NS"
1951,13400,"Wilsons Beach, NB"
1952,13410,"Cacouna, QUE"
1953,13410,"Cacouna, QUE"
1954,13420,"Digby, NS"
1955,13420,"Port of Digby, NS"
1956,13420,"Digby, NS/Port of Digby, NS"
1957,13420,"Digby, NS"
1958,13420,"Port of Digby, NS"
1959,13420,"Digby, NS/Port of Digby, NS"
1960,13430,"Port Maitland, NS"
1961,13430,"Port Maitland, NS"
1962,13435,"Beaver Harbour, NB"
1963,13435,"Beaver Harbour, NB"
1964,13436,"Mulgrave, NS"
1965,13436,"Mulgrave, NS"
1966,13437,"Louisburg, NS"
1967,13437,"Louisburg, NS"
1968,13441,"Becancour, QUE"
1969,13441,"Becancour, QUE"
1970,13442,"Belledune, NB"
1971,13442,"Belledune, NB"
1972,13444,"Campbellton, NB"
1973,13444,"Campbellton, NB"
1974,13445,"Campobello, NB"
1975,13445,"Chance Harbor, NB"
1976,13445,"Campobello, NB/Chance Harbor, NB"
1977,13445,"Campobello, NB"
1978,13445,"Chance Harbor, NB"
1979,13445,"Campobello, NB/Chance Harbor, NB"
1980,13450,"Blacks Harbor, NB"
1981,13450,"Blacks Harbor, NB"
1982,13451,"Clarke Harbour, NS"
1983,13451,"Clarke's Harbour, NS"
1984,13451,"Clarke Harbour, NS/Clarke's Harbour, NS"
1985,13451,"Clarke Harbour, NS"
1986,13451,"Clarke's Harbour, NS"
1987,13451,"Clarke Harbour, NS/Clarke's Harbour, NS"
1988,13452,"Gold River, NS"
1989,13452,"Gold River, NS"
1990,13454,"Richardson Island, NB"
1991,13454,"Richardson, NB"
1992,13454,"Richardson Island, NB/Richardson, NB"
1993,13454,"Richardson Island, NB"
1994,13454,"Richardson, NB"
1995,13454,"Richardson Island, NB/Richardson, NB"
1996,13455,"Shelburne, NS"
1997,13455,"Shelburne, NS"
1998,13456,"Victoria, PEI"
1999,13456,"Victoria, PEI"
2000,13457,"Welshpool, NB"
2001,13457,"Welshpool, NB"
2002,13458,"Bathurst, NB"
2003,13458,"Bathurst, NB"
2004,13459,"Bayside, NB"
2005,13459,"Bayside, NB"
2006,13460,"Chatham, NB"
2007,13460,"Chatham, NB"
2008,13466,"Chandler, QUE"
2009,13466,"Chandler, QUE"
2010,13470,"Tuktoyaktuk, NWT"
2011,13470,"Tuktoyaktuk, NWT"
2012,13473,"Chicoutimi, QUE"
2013,13473,"Chicoutimi, QUE"
2014,13475,"Deer Island, BC"
2015,13475,"Deer Island, BC"
2016,13476,"Pointe Noire, QUE"
2017,13476,"Pointe Noire, QUE"
2018,13481,"Baie Comeau, QUE"
2019,13481,"Comeau Bay, QUE"
2020,13481,"Baie Comeau, QUE/Comeau Bay, QUE"
2021,13481,"Baie Comeau, QUE"
2022,13481,"Comeau Bay, QUE"
2023,13481,"Baie Comeau, QUE/Comeau Bay, QUE"
2024,13482,"Contrecoeur, QUE"
2025,13482,"Contrecoeur, QUE"
2026,13484,"Dalhousie, NB"
2027,13484,"Dalhousie, NB"
2028,13485,"Dartmouth, NS"
2029,13485,"Dartmouth, NS"
2030,13493,"Donnacona, QUE"
2031,13493,"Donnacona, QUE"
2032,13819,"Gaspe, QUE"
2033,13819,"Gaspe, QUE"
2034,13820,"Gros Cacouna, QUE"
2035,13820,"Groscacouna, QUE"
2036,13820,"Gros Cacouna, QUE/Groscacouna, QUE"
2037,13820,"Gros Cacouna, QUE"
2038,13820,"Groscacouna, QUE"
2039,13820,"Gros Cacouna, QUE/Groscacouna, QUE"
2040,13829,"Boca Sec, NB"
2041,13829,"Grand Harbor, NB"
2042,13829,"Grand Manan Island, NB"
2043,13829,"Seal Cove, NB"
2044,13829,"Seelys Basin, NB"
2045,13829,"Seelys Cove, NB"
2046,13829,"Seelys Head, NB"
2047,13829,"Woodwards Cove, NB"
2048,13829,"Boca Sec, NB/Grand Harbor, NB/Grand Manan Island, NB/Seal Cove, NB/Seelys Basin, NB/Seelys Cove, NB/Seelys Head, NB/Woodwards Cove, NB"
2049,13829,"Boca Sec, NB"
2050,13829,"Grand Harbor, NB"
2051,13829,"Grand Manan Island, NB"
2052,13829,"Seal Cove, NB"
2053,13829,"Seelys Basin, NB"
2054,13829,"Seelys Cove, NB"
2055,13829,"Seelys Head, NB"
2056,13829,"Woodwards Cove, NB"
2057,13829,"Boca Sec, NB/Grand Harbor, NB/Grand Manan Island, NB/Seal Cove, NB/Seelys Basin, NB/Seelys Cove, NB/Seelys Head, NB/Woodwards Cove, NB"
2058,13841,"Halifax, NS"
2059,13841,"Halifax, NS"
2060,13846,"Auld’s Cove, NS"
2061,13846,"Auld’s Cove, NS"
2062,13847,"Yarmouth, NS"
2063,13847,"Yarmouth, NS"
2064,13848,"Hantsport, NS"
2065,13848,"Hantsport, NS"
2066,13849,"Port Hawkesbury, NS"
2067,13849,"Port Hawkesbury, NS"
2068,13850,"Bridgewater, NS"
2069,13850,"Bridgewater, NS"
2070,13851,"Lunenburg, NS"
2071,13851,"Lunenburg, NS"
2072,13852,"Sydney, NS"
2073,13852,"Sydney, NS"
2074,13853,"North Sydney, NS"
2075,13853,"North Sydney, NS"
2076,13854,"Pictou, NS"
2077,13854,"Pictou, NS"
2078,13855,"Baddeck, CBI"
2079,13855,"Baddeck, CBI"
2080,13870,"Meteghan, NS"
2081,13870,"Meteghan, NS"
2082,13884,"Little Narrows, CBI"
2083,13884,"Little Narrows, CBI"
2084,13887,"Liverpool, NS"
2085,13887,"Liverpool, NS"
2086,13888,"Sheet Harbour, NS"
2087,13888,"Sheet Harbour, NS"
2088,14001,"Churchill, MAN"
2089,14001,"Churchill, MAN"
2090,14021,"Mont Louis, QUE"
2091,14021,"Mont Louis, QUE"
2092,14037,"Newcastle, NB"
2093,14037,"Newcastle, NB"
2094,14065,"Point Tupper, CBI"
2095,14065,"Point Tupper, CBI"
2096,14066,"Pointe Au Pic, QUE"
2097,14066,"Pointe Au Pic, QUE"
2098,14067,"Valleyfield, QUE"
2099,14067,"Valleyfield, QUE"
2100,14068,"Rimouski, QUE"
2101,14068,"Rimouski, QUE"
2102,14069,"Port Alfred, QUE"
2103,14069,"Port Alfred, QUE"
2104,14070,"Matane, QUE"
2105,14070,"Matane, QUE"
2106,14073,"Port Cartier, QUE"
2107,14073,"Port Cartier, QUE"
2108,14090,"St. Romuald, QUE"
2109,14090,"St. Romuald, QUE"
2110,14092,"Sillery, QUE"
2111,14092,"Sillery, QUE"
2112,14094,"Quebec, QUE"
2113,14094,"Quebec, QUE"
2114,14095,"Rupert Inlet, QUE"
2115,14095,"Rupert Inlet, QUE"
2116,14426,"Saint Andrews, NB"
2117,14426,"St. Andrews, NB"
2118,14426,"Saint Andrews, NB/St. Andrews, NB"
2119,14426,"Saint Andrews, NB"
2120,14426,"St. Andrews, NB"
2121,14426,"Saint Andrews, NB/St. Andrews, NB"
2122,14427,"Saint George, NB"
2123,14427,"Saint George, NB"
2124,14428,"Saint John, NB"
2125,14428,"Saint John, NB"
2126,14429,"Saint Jean, QUE"
2127,14429,"Saint Johns, QUE"
2128,14429,"Saint Jean, QUE/Saint Johns, QUE"
2129,14429,"Saint Jean, QUE"
2130,14429,"Saint Johns, QUE"
2131,14429,"Saint Jean, QUE/Saint Johns, QUE"
2132,14438,"Saint Stephen, NB"
2133,14438,"Saint Stephen, NB"
2134,14444,"Sept Iles, QUE"
2135,14444,"Seven Islands, QUE"
2136,14444,"Sept Iles, QUE/Seven Islands, QUE"
2137,14444,"Sept Iles, QUE"
2138,14444,"Seven Islands, QUE"
2139,14444,"Sept Iles, QUE/Seven Islands, QUE"
2140,14466,"Sorel, QUE"
2141,14466,"Sorel, QUE"
2142,14467,"Souris, PEI"
2143,14467,"Souris, PEI"
2144,14470,"Summerside, PEI"
2145,14470,"Summerside, PEI"
2146,14471,"Charlottetown, PEI"
2147,14471,"Charlottetown, PEI"
2148,14472,"Montaque, PEI"
2149,14472,"Montaque, PEI"
2150,14474,"Three Rivers, QUE"
2151,14474,"Trois Rivieres, QUE"
2152,14474,"Three Rivers, QUE/Trois Rivieres, QUE"
2153,14474,"Three Rivers, QUE"
2154,14474,"Trois Rivieres, QUE"
2155,14474,"Three Rivers, QUE/Trois Rivieres, QUE"
2156,15200,All Other Newfoundland Ports
2157,15200,"Bonavista, NFLD"
2158,15200,"Burgeo, NFLD"
2159,15200,"Witless Bay, NFLD"
2160,15200,All Other Newfoundland Ports
2161,15200,"Bonavista, NFLD"
2162,15200,"Burgeo, NFLD"
2163,15200,"Witless Bay, NFLD"
2164,15201,"Bull Arm, NFLD"
2165,15201,"Hibernia, NFLD"
2166,15201,"Bull Arm, NFLD/Hibernia, NFLD"
2167,15201,"Bull Arm, NFLD"
2168,15201,"Hibernia, NFLD"
2169,15201,"Bull Arm, NFLD/Hibernia, NFLD"
2170,15205,"Bay Roberts, NFLD"
2171,15205,"Bay Roberts, NFLD"
2172,15206,"Carbonear, NFLD"
2173,15206,"Carbonear, NFLD"
2174,15207,"Englee Harbor, NFLD"
2175,15207,"Englee Harbor, NFLD"
2176,15208,"Fortune, NFLD"
2177,15208,"Fortune, NFLD"
2178,15209,"Grand Bank, NFLD"
2179,15209,"Grand Bank, NFLD"
2180,15210,"Harbour Breton, NFLD"
2181,15210,"Harbour Breton, NFLD"
2182,15211,"Ramea, NFLD"
2183,15211,"Ramea, NFLD"
2184,15212,"Saint Anthony, NFLD"
2185,15212,"St. Anthony, NFLD"
2186,15212,"Saint Anthony, NFLD/St. Anthony, NFLD"
2187,15212,"Saint Anthony, NFLD"
2188,15212,"St. Anthony, NFLD"
2189,15212,"Saint Anthony, NFLD/St. Anthony, NFLD"
2190,15213,"Argentia, NFLD"
2191,15213,"Argentia, NFLD"
2192,15214,"Botwood, NFLD"
2193,15214,"Botwood, NFLD"
2194,15220,"Conception Bay, NFLD"
2195,15220,"Conception Bay, NFLD"
2196,15223,"Earls Island, NFLD"
2197,15223,"Earls Island, NFLD"
2198,15224,"Clarenville, NFLD"
2199,15224,"Clarenville, NFLD"
2200,15226,"Coley’s Point, NFLD"
2201,15226,"Coley’s Point, NFLD"
2202,15229,"Come‑by‑Chance, NFLD"
2203,15229,"Come-by-Chance, NFLD"
2204,15230,"Whiffen Head, NF"
2205,15230,"Whiffen Head, NF"
2206,15231,"Corner Brook, NFLD"
2207,15231,"Corner Brook, NFLD"
2208,15232,"Harbour Grace, NFLD"
2209,15232,"Harbour Grace, NFLD"
2210,15233,"Marystown, NFLD"
2211,15233,"Marystown, NFLD"
2212,15245,"Holyrood, NFLD"
2213,15245,"Holyrood, NFLD"
2214,15255,"Long Harbor, NFLD"
2215,15255,"Long Harbor, NFLD"
2216,15260,"Long Pond, NFLD"
2217,15260,"Long Pond, NFLD"
2218,15282,"Saint John's, NFLD"
2219,15282,"St. John's, NFLD"
2220,15282,"Saint John's, NFLD/St. John's, NFLD"
2221,15282,"Saint John's, NFLD"
2222,15282,"St. John's, NFLD"
2223,15282,"Saint John's, NFLD/St. John's, NFLD"
2224,15283,"Saint Lawrence, NFLD"
2225,15283,"St. Lawrence, NFLD"
2226,15283,"Saint Lawrence, NFLD/St. Lawrence, NFLD"
2227,15283,"Saint Lawrence, NFLD"
2228,15283,"St. Lawrence, NFLD"
2229,15283,"Saint Lawrence, NFLD/St. Lawrence, NFLD"
2230,15285,"Stephenville, NFLD"
2231,15285,"Stephenville, NFLD"
2232,15298,All Other Labrador Ports
2233,15298,"Baffin Island, NFLD"
2234,15298,"Frobisher Bay, NFLD"
2235,15298,All Other Labrador Ports
2236,15298,"Baffin Island, NFLD"
2237,15298,"Frobisher Bay, NFLD"
2238,16101,St. Pierre
2239,16101,St. Pierre
2240,20100,Abryos
2241,20100,All Other Mexico West Coast Region Ports
2242,20100,Altata
2243,20100,Bahia de Todos Santos
2244,20100,Bahia Tortugas
2245,20100,Bahias Ballenas
2246,20100,Ballenas Bay
2247,20100,Cerralvo Island
2248,20100,Clarion Island
2249,20100,Costa Maya
2250,20100,Culiacan
2251,20100,Espiritu Santo
2252,20100,Guadalupe Island
2253,20100,Hermosillo
2254,20100,Isla Maria Cleofas
2255,20100,Isla Maria Madre
2256,20100,Isla Maria Magdalena
2257,20100,Isla Socorro
2258,20100,Laguna San Ignacio
2259,20100,Point Tosca
2260,20100,Port Telzo
2261,20100,Puerto Angel
2262,20100,Puerto San Quintin
2263,20100,Punta Escondida
2264,20100,Punta Prieta
2265,20100,Punta San Juanico
2266,20100,Punta Santo Tomas
2267,20100,San Blas
2268,20100,San Geronimo
2269,20100,San Ignacio
2270,20100,San Jeronimo
2271,20100,San Jose del Cabo
2272,20100,San Roque Island
2273,20100,Santa Catarina
2274,20100,Santo Tomas Point
2275,20100,Socorro Island
2276,20100,Yavaros
2277,20100,Abryos
2278,20100,All Other Mexico West Coast Region Ports
2279,20100,Altata
2280,20100,Bahia de Todos Santos
2281,20100,Bahia Tortugas
2282,20100,Bahias Ballenas
2283,20100,Ballenas Bay
2284,20100,Cerralvo Island
2285,20100,Clarion Island
2286,20100,Costa Maya
2287,20100,Culiacan
2288,20100,Espiritu Santo
2289,20100,Guadalupe Island
2290,20100,Hermosillo
2291,20100,Isla Maria Cleofas
2292,20100,Isla Maria Madre
2293,20100,Isla Maria Magdalena
2294,20100,Isla Socorro
2295,20100,Laguna San Ignacio
2296,20100,Point Tosca
2297,20100,Port Telzo
2298,20100,Puerto Angel
2299,20100,Puerto San Quintin
2300,20100,Punta Escondida
2301,20100,Punta Prieta
2302,20100,Punta San Juanico
2303,20100,Punta Santo Tomas
2304,20100,San Blas
2305,20100,San Geronimo
2306,20100,San Ignacio
2307,20100,San Jeronimo
2308,20100,San Jose del Cabo
2309,20100,San Roque Island
2310,20100,Santa Catarina
2311,20100,Santo Tomas Point
2312,20100,Socorro Island
2313,20100,Yavaros
2314,20101,Acapulco
2315,20101,Acapulco
2316,20104,Cerros Island
2317,20104,Isla Cedros
2318,20104,Morro Redondo
2319,20104,Puerto Morro Redondo
2320,20104,Puerto Venustiano Carranza
2321,20104,Cerros Island/Isla Cedros/Morro Redondo/Puerto Morro Redondo/Puerto Venustiano Carranza
2322,20104,Cerros Island
2323,20104,Isla Cedros
2324,20104,Morro Redondo
2325,20104,Puerto Morro Redondo
2326,20104,Puerto Venustiano Carranza
2327,20104,Cerros Island/Isla Cedros/Morro Redondo/Puerto Morro Redondo/Puerto Venustiano Carranza
2328,20105,La Paz
2329,20105,La Paz
2330,20106,Topolobampo
2331,20106,Topolobampo
2332,20107,Lazaro Cardenas
2333,20107,Lazaro Cardenas
2334,20108,Ensenada
2335,20108,Ensenada
2336,20113,Guaymas
2337,20113,Guaymas
2338,20120,Manzanillo
2339,20120,Manzanillo
2340,20122,Mazatlan
2341,20122,Mazatlan
2342,20125,Rosarito
2343,20125,Rosarito
2344,20128,Islas Coronados
2345,20128,Islas Coronados
2346,20129,Salina Cruz
2347,20129,Salina Cruz
2348,20135,San Marcos Island
2349,20135,San Marcos Island
2350,20141,Santa Rosalia
2351,20141,Santa Rosalia
2352,20142,El Sauzal
2353,20142,Sauzal
2354,20142,El Sauzal/Sauzal
2355,20142,El Sauzal
2356,20142,Sauzal
2357,20142,El Sauzal/Sauzal
2358,20143,Puerto Vallarta
2359,20143,Puerto Vallarta
2360,20144,Cabo San Lucas
2361,20144,San Lucas
2362,20144,Cabo San Lucas/San Lucas
2363,20144,Cabo San Lucas
2364,20144,San Lucas
2365,20144,Cabo San Lucas/San Lucas
2366,20152,Cayo Arcas
2367,20152,Cayo Arcos Terminal
2368,20152,Cayo Arcas/Cayo Arcos Terminal
2369,20152,Cayo Arcas
2370,20152,Cayo Arcos Terminal
2371,20152,Cayo Arcas/Cayo Arcos Terminal
2372,20153,Alvaro Obregon
2373,20153,Frontera
2374,20153,Alvaro Obregon/Frontera
2375,20153,Alvaro Obregon
2376,20153,Frontera
2377,20153,Alvaro Obregon/Frontera
2378,20154,Dos Bocas
2379,20154,Dos Bocas
2380,20155,Campeche
2381,20155,Campeche
2382,20157,Carmen
2383,20157,Ciudad de Carmen
2384,20157,Laguna de Terminos
2385,20157,Carmen/Ciudad de Carmen/Laguna de Terminos
2386,20157,Carmen
2387,20157,Ciudad de Carmen
2388,20157,Laguna de Terminos
2389,20157,Carmen/Ciudad de Carmen/Laguna de Terminos
2390,20161,Calica
2391,20161,Calica
2392,20162,Cancun
2393,20162,Cancun
2394,20171,Coatzacoalcos
2395,20171,Ostion
2396,20171,Puerto Libre De Puerto Mexico
2397,20171,Puerto Mexico
2398,20171,Coatzacoalcos/Ostion/Puerto Libre De Puerto Mexico/Puerto Mexico
2399,20171,Coatzacoalcos
2400,20171,Ostion
2401,20171,Puerto Libre De Puerto Mexico
2402,20171,Puerto Mexico
2403,20171,Coatzacoalcos/Ostion/Puerto Libre De Puerto Mexico/Puerto Mexico
2404,20173,Cozumel Island
2405,20173,Punta Venado
2406,20173,Cozumel Island/Punta Venado
2407,20173,Cozumel Island
2408,20173,Punta Venado
2409,20173,Cozumel Island/Punta Venado
2410,20174,Chetumal
2411,20174,Mahahual
2412,20174,Chetumal/Mahahual
2413,20174,Chetumal
2414,20174,Mahahual
2415,20174,Chetumal/Mahahual
2416,20179,Isla Mujeres
2417,20179,Isla Mujeres
2418,20181,Minatitlan
2419,20181,Minatitlan
2420,20184,Pajaritos
2421,20184,Pajaritos
2422,20185,Progreso
2423,20185,Progreso
2424,20193,Altamira
2425,20193,Puerto Madero
2426,20193,Tampico
2427,20193,Altamira/Puerto Madero/Tampico
2428,20193,Altamira
2429,20193,Puerto Madero
2430,20193,Tampico
2431,20193,Altamira/Puerto Madero/Tampico
2432,20194,Puerto de Morales
2433,20194,Puerto Morales
2434,20194,Puerto de Morales/Puerto Morales
2435,20194,Puerto de Morales
2436,20194,Puerto Morales
2437,20194,Puerto de Morales/Puerto Morales
2438,20195,All Other Mexico East Coast Region Ports
2439,20195,Alvarado
2440,20195,Champoton
2441,20195,Ciudad Camargo
2442,20195,Ciudad Chetumal
2443,20195,El Cuyo
2444,20195,Gutierrez Zamorra
2445,20195,Isla de Lobos
2446,20195,Matamoros
2447,20195,Nautla
2448,20195,Puerto Juarez
2449,20195,Puerto Lobos
2450,20195,Tecolutla
2451,20195,Tlacotalpan
2452,20195,Xcalac
2453,20195,All Other Mexico East Coast Region Ports
2454,20195,Alvarado
2455,20195,Champoton
2456,20195,Ciudad Camargo
2457,20195,Ciudad Chetumal
2458,20195,El Cuyo
2459,20195,Gutierrez Zamorra
2460,20195,Isla de Lobos
2461,20195,Matamoros
2462,20195,Nautla
2463,20195,Puerto Juarez
2464,20195,Puerto Lobos
2465,20195,Tecolutla
2466,20195,Tlacotalpan
2467,20195,Xcalac
2468,20197,Tuxpan
2469,20197,Tuxpan
2470,20199,Veracruz
2471,20199,Veracruz
2472,20500,All Other Guatemala Caribbean Region Ports
2473,20500,Livingston
2474,20500,All Other Guatemala Caribbean Region Ports
2475,20500,Livingston
2476,20505,Puerto Matias de Galves
2477,20505,Santo Tomas
2478,20505,Santo Tomas de Castilla
2479,20505,Puerto Matias de Galves/Santo Tomas/Santo Tomas de Castilla
2480,20505,Puerto Matias de Galves
2481,20505,Santo Tomas
2482,20505,Santo Tomas de Castilla
2483,20505,Puerto Matias de Galves/Santo Tomas/Santo Tomas de Castilla
2484,20506,Puerto Quetzal
2485,20506,Puerto Quetzal
2486,20513,Puerto Barrios
2487,20513,Quatema
2488,20513,Puerto Barrios/Quatema
2489,20513,Puerto Barrios
2490,20513,Quatema
2491,20513,Puerto Barrios/Quatema
2492,20577,San Jose
2493,20577,San Jose
2494,20599,All Other Guatemala West Coast Region Ports
2495,20599,Champerico
2496,20599,Istapa
2497,20599,Iztapa
2498,20599,All Other Guatemala West Coast Region Ports
2499,20599,Champerico
2500,20599,Istapa
2501,20599,Iztapa
2502,20800,Other Belize Ports
2503,20800,Punta Gorda
2504,20800,San Pedro
2505,20800,Other Belize Ports/Punta Gorda/San Pedro
2506,20800,Other Belize Ports
2507,20800,Punta Gorda
2508,20800,San Pedro
2509,20800,Other Belize Ports/Punta Gorda/San Pedro
2510,20801,Belize
2511,20801,Belize
2512,20802,Big Creek
2513,20802,Big Creek
2514,20803,Danigriga
2515,20803,Stann Creek
2516,20803,Danigriga/Stann Creek
2517,20803,Danigriga
2518,20803,Stann Creek
2519,20803,Danigriga/Stann Creek
2520,21101,Acajutla
2521,21101,Acajutla
2522,21137,Cutuco
2523,21137,La Union
2524,21137,Cutuco/La Union
2525,21137,Cutuco
2526,21137,La Union
2527,21137,Cutuco/La Union
2528,21199,All Other El Salvador Ports
2529,21199,La Libertad
2530,21199,Puerto El Triunfo
2531,21199,All Other El Salvador Ports
2532,21199,La Libertad
2533,21199,Puerto El Triunfo
2534,21500,All Other Honduras Caribbean Region Ports
2535,21500,Isla Utila
2536,21500,Puerto Este
2537,21500,Trujillo
2538,21500,All Other Honduras Caribbean Region Ports
2539,21500,Isla Utila
2540,21500,Puerto Este
2541,21500,Trujillo
2542,21515,La Ceiba
2543,21515,Utila Bay
2544,21515,La Ceiba/Utila Bay
2545,21515,La Ceiba
2546,21515,Utila Bay
2547,21515,La Ceiba/Utila Bay
2548,21519,Limon
2549,21519,Limon
2550,21527,Puerto Castilla
2551,21527,Puerto Castilla
2552,21531,Puerto Cortes
2553,21531,Puerto Cortes
2554,21535,Guanaja
2555,21535,Isla Roatan
2556,21535,Roatan Island
2557,21535,Guanaja/Isla Roatan/Roatan Island
2558,21535,Guanaja
2559,21535,Isla Roatan
2560,21535,Roatan Island
2561,21535,Guanaja/Isla Roatan/Roatan Island
2562,21543,Tela
2563,21543,Tela
2564,21551,Amapala
2565,21551,San Lorenzo
2566,21551,Amapala/San Lorenzo
2567,21551,Amapala
2568,21551,San Lorenzo
2569,21551,Amapala/San Lorenzo
2570,21552,Puerto Henecan
2571,21552,Puerto Henecan
2572,21599,All Other Honduras West Coast Region Ports
2573,21599,All Other Honduras West Coast Region Ports
2574,21900,All Other Nicaragua Caribbean Region Ports
2575,21900,Cabo Gracias a Dios
2576,21900,Corn Islands
2577,21900,Huaunta
2578,21900,Islas de Maiz
2579,21900,La Barra de Rio Grande
2580,21900,Laguna de Perlas
2581,21900,Pearl City
2582,21900,Prinzapolca
2583,21900,Pto. Cabo Gracias a Dios
2584,21900,Puerto Isabel
2585,21900,Punta Gorda
2586,21900,Rio Grande
2587,21900,All Other Nicaragua Caribbean Region Ports
2588,21900,Cabo Gracias a Dios
2589,21900,Corn Islands
2590,21900,Huaunta
2591,21900,Islas de Maiz
2592,21900,La Barra de Rio Grande
2593,21900,Laguna de Perlas
2594,21900,Pearl City
2595,21900,Prinzapolca
2596,21900,Pto. Cabo Gracias a Dios
2597,21900,Puerto Isabel
2598,21900,Punta Gorda
2599,21900,Rio Grande
2600,21901,Bluefields
2601,21901,El Bluff
2602,21901,Bluefields/El Bluff
2603,21901,Bluefields
2604,21901,El Bluff
2605,21901,Bluefields/El Bluff
2606,21902,Arlen Siu
2607,21902,Rama
2608,21902,Arlen Siu/Rama
2609,21902,Arlen Siu
2610,21902,Rama
2611,21902,Arlen Siu/Rama
2612,21925,Puerto Cabezas
2613,21925,Puerto Cabezas
2614,21951,Corinto
2615,21951,Corinto
2616,21999,All Other Nicaragua West Coast Region Ports
2617,21999,Puerto Masachapa
2618,21999,Puerto Sandino
2619,21999,San Juan del Sur
2620,21999,Somoza
2621,21999,All Other Nicaragua West Coast Region Ports
2622,21999,Puerto Masachapa
2623,21999,Puerto Sandino
2624,21999,San Juan del Sur
2625,21999,Somoza
2626,22300,All Other Costa Rica Caribbean Region Ports
2627,22300,Puerto Vargas
2628,22300,All Other Costa Rica Caribbean Region Ports
2629,22300,Puerto Vargas
2630,22301,Colorado Bar
2631,22301,Colorado Bar
2632,22313,Limon
2633,22313,Puerto Limon
2634,22313,Limon/Puerto Limon
2635,22313,Limon
2636,22313,Puerto Limon
2637,22313,Limon/Puerto Limon
2638,22315,Bahia de Moin
2639,22315,Moin
2640,22315,Bahia de Moin/Moin
2641,22315,Bahia de Moin
2642,22315,Moin
2643,22315,Bahia de Moin/Moin
2644,22361,Caldera
2645,22361,Caldera
2646,22363,Golfito
2647,22363,Puerto Golfito
2648,22363,Golfito/Puerto Golfito
2649,22363,Golfito
2650,22363,Puerto Golfito
2651,22363,Golfito/Puerto Golfito
2652,22381,Punta Quepos
2653,22381,Quepos
2654,22381,Punta Quepos/Quepos
2655,22381,Punta Quepos
2656,22381,Quepos
2657,22381,Punta Quepos/Quepos
2658,22386,Punta Morales
2659,22386,Punta Morales
2660,22387,Puntarenas
2661,22387,Puntarenas
2662,22389,Aguadulce
2663,22389,Aguadulce
2664,22399,All Other Costa Rica West Coast Region Ports
2665,22399,Coco Islands
2666,22399,Golfo Dulce
2667,22399,Islas de Coco
2668,22399,All Other Costa Rica West Coast Region Ports
2669,22399,Coco Islands
2670,22399,Golfo Dulce
2671,22399,Islas de Coco
2672,22500,All Other Panama Caribbean Region Ports
2673,22500,Bocas del Toro
2674,22500,Gamboa
2675,22500,Gatun
2676,22500,Mindi Dyke
2677,22500,Nombre de Dios
2678,22500,All Other Panama Caribbean Region Ports
2679,22500,Bocas del Toro
2680,22500,Gamboa
2681,22500,Gatun
2682,22500,Mindi Dyke
2683,22500,Nombre de Dios
2684,22501,Almirante
2685,22501,Almirante
2686,22517,Coco Solo
2687,22517,Coco Solo
2688,22518,Cristobal
2689,22518,Cristobal
2690,22519,Colon
2691,22519,Panama Canal – Caribbean
2692,22519,Colon/Panama Canal – Caribbean
2693,22519,Colon
2694,22519,Panama Canal – Caribbean
2695,22519,Colon/Panama Canal – Caribbean
2696,22520,Chiriqui Grande Terminal
2697,22520,Laguna de Chiriqui
2698,22520,Chiriqui Grande Terminal/Laguna de Chiriqui
2699,22520,Chiriqui Grande Terminal
2700,22520,Laguna de Chiriqui
2701,22520,Chiriqui Grande Terminal/Laguna de Chiriqui
2702,22525,Golfo de Parita
2703,22525,Parita
2704,22525,Golfo de Parita/Parita
2705,22525,Golfo de Parita
2706,22525,Parita
2707,22525,Golfo de Parita/Parita
2708,22555,Portobelo
2709,22555,Puerto Bello
2710,22555,Portobelo/Puerto Bello
2711,22555,Portobelo
2712,22555,Puerto Bello
2713,22555,Portobelo/Puerto Bello
2714,22556,Manzanillo
2715,22556,Puerto Manzanillo
2716,22556,Manzanillo/Puerto Manzanillo
2717,22556,Manzanillo
2718,22556,Puerto Manzanillo
2719,22556,Manzanillo/Puerto Manzanillo
2720,22565,Bahia de Las Minas
2721,22565,Las Minas Bay
2722,22565,Payardi
2723,22565,Bahia de Las Minas/Las Minas Bay/Payardi
2724,22565,Bahia de Las Minas
2725,22565,Las Minas Bay
2726,22565,Payardi
2727,22565,Bahia de Las Minas/Las Minas Bay/Payardi
2728,22575,Balboa
2729,22575,Balboa
2730,22577,La Palma
2731,22577,La Palma
2732,22579,Panama Canal - Pacific
2733,22579,Panama City
2734,22579,Panama Canal - Pacific/Panama City
2735,22579,Panama Canal - Pacific
2736,22579,Panama City
2737,22579,Panama Canal - Pacific/Panama City
2738,22581,Aguadulce
2739,22581,Aguadulce
2740,22582,Pedregal
2741,22582,Pedregal
2742,22587,Armuelles
2743,22587,Charco Azul
2744,22587,Puerto Armuelles
2745,22587,Armuelles/Charco Azul/Puerto Armuelles
2746,22587,Armuelles
2747,22587,Charco Azul
2748,22587,Puerto Armuelles
2749,22587,Armuelles/Charco Azul/Puerto Armuelles
2750,22599,All Other Panama West Coast Region Ports
2751,22599,Archipel. De Las Perlas
2752,22599,Bruja Point
2753,22599,Chiman
2754,22599,Darien
2755,22599,David
2756,22599,El Real
2757,22599,Golfo de San Miguel
2758,22599,Isla Parida
2759,22599,Miraflores Locks
2760,22599,Paraiso
2761,22599,Parida Island
2762,22599,Pearl Islands
2763,22599,Point Bruja
2764,22599,Point Mala
2765,22599,Punta Mala
2766,22599,Rio Hato
2767,22599,Rodman
2768,22599,San Miguel Gulf
2769,22599,Taboga Island
2770,22599,Tonosi
2771,22599,Vacamonte
2772,22599,All Other Panama West Coast Region Ports
2773,22599,Archipel. De Las Perlas
2774,22599,Bruja Point
2775,22599,Chiman
2776,22599,Darien
2777,22599,David
2778,22599,El Real
2779,22599,Golfo de San Miguel
2780,22599,Isla Parida
2781,22599,Miraflores Locks
2782,22599,Paraiso
2783,22599,Parida Island
2784,22599,Pearl Islands
2785,22599,Point Bruja
2786,22599,Point Mala
2787,22599,Punta Mala
2788,22599,Rio Hato
2789,22599,Rodman
2790,22599,San Miguel Gulf
2791,22599,Taboga Island
2792,22599,Tonosi
2793,22599,Vacamonte
2794,23201,Hamilton
2795,23201,Hamilton
2796,23251,St. Georges
2797,23251,Saint Georges
2798,23251,St. Georges/Saint Georges
2799,23251,St. Georges
2800,23251,Saint Georges
2801,23251,St. Georges/Saint Georges
2802,23299,All Other Bermuda Ports
2803,23299,"Freeport, Ireland Island"
2804,23299,All Other Bermuda Ports
2805,23299,"Freeport, Ireland Island"
2806,23600,All Other Bahamas Ports
2807,23600,Browns Cays
2808,23600,Fresh Creek
2809,23600,Mayaguana Island
2810,23600,San Salvador
2811,23600,Whale Cay
2812,23600,All Other Bahamas Ports
2813,23600,Browns Cays
2814,23600,Fresh Creek
2815,23600,Mayaguana Island
2816,23600,San Salvador
2817,23600,Whale Cay
2818,23619,Eleuthera Island
2819,23619,Harbour Island
2820,23619,Eleuthera Island/Harbour Island
2821,23619,Eleuthera Island
2822,23619,Harbour Island
2823,23619,Eleuthera Island/Harbour Island
2824,23620,Cat Cays
2825,23620,Cat Cays
2826,23621,Exuma
2827,23621,Exuma
2828,23622,Spanish Wells
2829,23622,Spanish Wells
2830,23623,Governors Harbour
2831,23623,Governors Harbour
2832,23624,Half Moon Cay
2833,23624,Half Moon Cay
2834,23630,Arawak Cay
2835,23630,Arawak Cay
2836,23635,Clarence Town
2837,23635,Long Island
2838,23635,Clarence Town/Long Island
2839,23635,Clarence Town
2840,23635,Long Island
2841,23635,Clarence Town/Long Island
2842,23636,Duncan Town
2843,23636,Ragged Island
2844,23636,Duncan Town/Ragged Island
2845,23636,Duncan Town
2846,23636,Ragged Island
2847,23636,Duncan Town/Ragged Island
2848,23640,Abaco‑Snake Cay
2849,23640,Cherokee Sound
2850,23640,Coco Cay
2851,23640,Gorda Cay
2852,23640,Great Abaco Island
2853,23640,Green Turtle Cay
2854,23640,Marsh Harbour
2855,23640,Abaco‑Snake Cay/Cherokee Sound/Coco Cay/Gorda Cay/Great Abaco Island/Green Turtle Cay/Marsh Harbour
2856,23640,Abaco-Snake Cay
2857,23640,Cherokee Sound
2858,23640,Coco Cay
2859,23640,Gorda Cay
2860,23640,Great Abaco Island
2861,23640,Green Turtle Cay
2862,23640,Marsh Harbour
2863,23640,Abaco-Snake Cay/Cherokee Sound/Coco Cay/Gorda Cay/Great Abaco Island/Green Turtle Cay/Marsh Harbour
2864,23641,Chub Cay
2865,23641,Chub Cay
2866,23642,Great Stirrup Cay
2867,23642,Great Stirrup Cay
2868,23643,Great Harbour Cay
2869,23643,Great Harbour Cay
2870,23645,"Freeport, Grand Bahama Island"
2871,23645,South Riding Point
2872,23645,"Freeport, Grand Bahama Island/South Riding Point"
2873,23645,"Freeport, Grand Bahama Island"
2874,23645,South Riding Point
2875,23645,"Freeport, Grand Bahama Island/South Riding Point"
2876,23646,Port Lucaya
2877,23646,Port Lucaya
2878,23647,West End
2879,23647,West End
2880,23650,Port Nelson
2881,23650,Rum Cay
2882,23650,Port Nelson/Rum Cay
2883,23650,Port Nelson
2884,23650,Rum Cay
2885,23650,Port Nelson/Rum Cay
2886,23653,Great Inagua
2887,23653,Matthew Town
2888,23653,Great Inagua/Matthew Town
2889,23653,Great Inagua
2890,23653,Matthew Town
2891,23653,Great Inagua/Matthew Town
2892,23660,Cat Island
2893,23660,Cat Island
2894,23661,"Nassau, New Providence Island"
2895,23661,"Nassau, New Providence Island"
2896,23665,Ocean Cay
2897,23665,Ocean Cay
2898,23667,Walker Cay
2899,23667,Walker Cay
2900,23672,Andros Island
2901,23672,Port Andros
2902,23672,Andros Island/Port Andros
2903,23672,Andros Island
2904,23672,Port Andros
2905,23672,Andros Island/Port Andros
2906,23675,Clifton Pier
2907,23675,Clifton Point
2908,23675,Clifton Pier/Clifton Point
2909,23675,Clifton Pier
2910,23675,Clifton Point
2911,23675,Clifton Pier/Clifton Point
2912,23683,Bimini Island
2913,23683,Gun Cay
2914,23683,Bimini Island/Gun Cay
2915,23683,Bimini Island
2916,23683,Gun Cay
2917,23683,Bimini Island/Gun Cay
2918,23684,Castaway Cay
2919,23684,Castaway Cay
2920,23900,All Other Cuba Ports
2921,23900,Antilla
2922,23900,Bahia de Nuevitas
2923,23900,Bahia Honda
2924,23900,Bahia Sama
2925,23900,Banes
2926,23900,Baracoa
2927,23900,Cabanas
2928,23900,Cabo Cruz
2929,23900,Caibarien
2930,23900,Cape Cruz
2931,23900,Cardenas
2932,23900,Casilda
2933,23900,Cayo Santa Maria
2934,23900,Ceiba Hueca
2935,23900,Chaparra
2936,23900,Cienfuegos
2937,23900,Ensenada Santa Maria
2938,23900,Ensenda de Mora
2939,23900,Gibara
2940,23900,Isla de Pinos
2941,23900,Isle of Pines
2942,23900,Jucaro
2943,23900,Manati
2944,23900,Manzanillo
2945,23900,Maravi
2946,23900,Mariel
2947,23900,Matahambre
2948,23900,Matanzas
2949,23900,Mayari
2950,23900,Media Luna
2951,23900,Minas de Matahambre
2952,23900,Moa
2953,23900,Niguero
2954,23900,Nuevitas
2955,23900,Palo Alto
2956,23900,Pilon Harbor
2957,23900,Port Tarafa
2958,23900,Pto. Cayo Grande de Moa
2959,23900,Puerto Padre
2960,23900,Puerto Tarafa
2961,23900,Puerto Vita
2962,23900,Punta Gorda
2963,23900,San Ramon
2964,23900,Santa Lucia
2965,23900,Santiago de Cuba
2966,23900,Tunas de Zaza
2967,23900,Yumuri
2968,23900,All Other Cuba Ports
2969,23900,Antilla
2970,23900,Bahia de Nuevitas
2971,23900,Bahia Honda
2972,23900,Bahia Sama
2973,23900,Banes
2974,23900,Baracoa
2975,23900,Cabanas
2976,23900,Cabo Cruz
2977,23900,Caibarien
2978,23900,Cape Cruz
2979,23900,Cardenas
2980,23900,Casilda
2981,23900,Cayo Santa Maria
2982,23900,Ceiba Hueca
2983,23900,Chaparra
2984,23900,Cienfuegos
2985,23900,Ensenada Santa Maria
2986,23900,Ensenda de Mora
2987,23900,Gibara
2988,23900,Isla de Pinos
2989,23900,Isle of Pines
2990,23900,Jucaro
2991,23900,Manati
2992,23900,Manzanillo
2993,23900,Maravi
2994,23900,Mariel
2995,23900,Matahambre
2996,23900,Matanzas
2997,23900,Mayari
2998,23900,Media Luna
2999,23900,Minas de Matahambre
3000,23900,Moa
3001,23900,Niguero
3002,23900,Nuevitas
3003,23900,Palo Alto
3004,23900,Pilon Harbor
3005,23900,Port Tarafa
3006,23900,Pto. Cayo Grande de Moa
3007,23900,Puerto Padre
3008,23900,Puerto Tarafa
3009,23900,Puerto Vita
3010,23900,Punta Gorda
3011,23900,San Ramon
3012,23900,Santa Lucia
3013,23900,Santiago de Cuba
3014,23900,Tunas de Zaza
3015,23900,Yumuri
3016,23931,Daiquiri Bay
3017,23931,Daiquiri Bay
3018,23937,Isabela del Sagua
3019,23937,La Isabela de Sagua
3020,23937,Puerto General Peraza
3021,23937,Sagua la Grande
3022,23937,Isabela del Sagua/La Isabela de Sagua/Puerto General Peraza/Sagua la Grande
3023,23937,Isabela del Sagua
3024,23937,La Isabela de Sagua
3025,23937,Puerto General Peraza
3026,23937,Sagua la Grande
3027,23937,Isabela del Sagua/La Isabela de Sagua/Puerto General Peraza/Sagua la Grande
3028,23941,Boqueron
3029,23941,Caimanera
3030,23941,Deseo
3031,23941,Guantanamo Bay
3032,23941,Boqueron/Caimanera/Deseo/Guantanamo Bay
3033,23941,Boqueron
3034,23941,Caimanera
3035,23941,Deseo
3036,23941,Guantanamo Bay
3037,23941,Boqueron/Caimanera/Deseo/Guantanamo Bay
3038,23944,Havana
3039,23944,La Habana
3040,23944,Regla
3041,23944,Havana/La Habana/Regla
3042,23944,Havana
3043,23944,La Habana
3044,23944,Regla
3045,23944,Havana/La Habana/Regla
3046,23961,Lengua de Pajaro
3047,23961,Nicaro
3048,23961,Lengua de Pajaro/Nicaro
3049,23961,Lengua de Pajaro
3050,23961,Nicaro
3051,23961,Lengua de Pajaro/Nicaro
3052,23979,Guayabal
3053,23979,Manopla
3054,23979,Sagua de Tanamo
3055,23979,Tanamo
3056,23979,Guayabal/Manopla/Sagua de Tanamo/Tanamo
3057,23979,Guayabal
3058,23979,Manopla
3059,23979,Sagua de Tanamo
3060,23979,Tanamo
3061,23979,Guayabal/Manopla/Sagua de Tanamo/Tanamo
3062,23983,Santa Cruz del Sur
3063,23983,Santa Cruz del Sur
3064,24100,All Other Jamaica Ports
3065,24100,Annotto Bay
3066,24100,Black River
3067,24100,Bluefields
3068,24100,Falmouth
3069,24100,Green Island
3070,24100,Long Bay
3071,24100,Lucea
3072,24100,Manchioneal
3073,24100,Morant Bay
3074,24100,Negril Harbor
3075,24100,Oracabessa
3076,24100,Port Antonio
3077,24100,Port Maria
3078,24100,Port Morant
3079,24100,Port Royal
3080,24100,Rio Bueno
3081,24100,St. Ann's Bay
3082,24100,All Other Jamaica Ports
3083,24100,Annotto Bay
3084,24100,Black River
3085,24100,Bluefields
3086,24100,Falmouth
3087,24100,Green Island
3088,24100,Long Bay
3089,24100,Lucea
3090,24100,Manchioneal
3091,24100,Morant Bay
3092,24100,Negril Harbor
3093,24100,Oracabessa
3094,24100,Port Antonio
3095,24100,Port Maria
3096,24100,Port Morant
3097,24100,Port Royal
3098,24100,Rio Bueno
3099,24100,St. Ann's Bay
3100,24128,Kingston
3101,24128,Port Bustamante
3102,24128,Kingston/Port Bustamante
3103,24128,Kingston
3104,24128,Port Bustamante
3105,24128,Kingston/Port Bustamante
3106,24145,Montego Bay
3107,24145,Montego Bay
3108,24155,Ocho Rios
3109,24155,Ocho Rios
3110,24163,Esquivel
3111,24163,Longs Wharf
3112,24163,Port Esquivel
3113,24163,Esquivel/Longs Wharf/Port Esquivel
3114,24163,Esquivel
3115,24163,Longs Wharf
3116,24163,Port Esquivel
3117,24163,Esquivel/Longs Wharf/Port Esquivel
3118,24165,Alligator Pond
3119,24165,Little Pedro Bluff
3120,24165,Port Kaiser
3121,24165,Alligator Pond/Little Pedro Bluff/Port Kaiser
3122,24165,Alligator Pond
3123,24165,Little Pedro Bluff
3124,24165,Port Kaiser
3125,24165,Alligator Pond/Little Pedro Bluff/Port Kaiser
3126,24167,Port Rhoades
3127,24167,Port Rhoades
3128,24175,Rocky Point
3129,24175,Rocky Point
3130,24185,Savanna La Mar
3131,24185,Savanna La Mar
3132,24300,All Other Caicos Islands
3133,24300,All Other Caicos Islands
3134,24310,Cockburn harbor
3135,24310,Cockburn harbor
3136,24311,Providenciales
3137,24311,Providenciales
3138,24320,Grand Turks
3139,24320,Grand Turks
3140,24399,All Turks Islands Ports
3141,24399,Salt Cay
3142,24399,All Turks Islands Ports
3143,24399,Salt Cay
3144,24400,All Other Cayman Island Ports
3145,24400,All Other Cayman Island Ports
3146,24410,Georgetown
3147,24410,Grand Cayman
3148,24410,Georgetown/Grand Cayman
3149,24410,Georgetown
3150,24410,Grand Cayman
3151,24410,Georgetown/Grand Cayman
3152,24415,Cayman Brac
3153,24415,Cayman Brac
3154,24500,All Other Haiti Ports
3155,24500,Anse du Clerc
3156,24500,Anse‑D'Hainault
3157,24500,Aquin
3158,24500,Dame Marie
3159,24500,Fond la Grange
3160,24500,Ile de la Gonave
3161,24500,Jeremie
3162,24500,Le Mole St. Nicholas
3163,24500,Leogane
3164,24500,Roche a Bateau
3165,24500,Saint Louis du Sud
3166,24500,Seringue
3167,24500,Tiburon
3168,24500,All Other Haiti Ports
3169,24500,Anse du Clerc
3170,24500,Anse-D'Hainault
3171,24500,Aquin
3172,24500,Dame Marie
3173,24500,Fond la Grange
3174,24500,Ile de la Gonave
3175,24500,Jeremie
3176,24500,Le Mole St. Nicholas
3177,24500,Leogane
3178,24500,Roche a Bateau
3179,24500,Saint Louis du Sud
3180,24500,Seringue
3181,24500,Tiburon
3182,24509,Aux Cayes
3183,24509,Aux Cayes
3184,24513,Cap Haitien
3185,24513,Cap Haitien
3186,24514,Fort Liberte
3187,24514,Fort Liberte
3188,24515,Labadee
3189,24515,Labadee
3190,24537,Jacmel
3191,24537,Jacmel
3192,24553,La Fitteau
3193,24553,Lafiteau
3194,24553,La Fitteau/Lafiteau
3195,24553,La Fitteau
3196,24553,Lafiteau
3197,24553,La Fitteau/Lafiteau
3198,24559,Miragoane
3199,24559,Miragoane
3200,24571,Petit Goave
3201,24571,Petit Goave
3202,24579,Port au Prince
3203,24579,Port au Prince
3204,24585,Port de Paix
3205,24585,Port de Paix
3206,24588,Gonaives
3207,24588,Gonaives
3208,24591,Saint Marc
3209,24591,St. Marc
3210,24591,Saint Marc/St. Marc
3211,24591,Saint Marc
3212,24591,St. Marc
3213,24591,Saint Marc/St. Marc
3214,24700,All Other Dominican Republic Ports
3215,24700,Andres
3216,24700,Azua
3217,24700,Monte Cristi
3218,24700,Palenque
3219,24700,Puerto Palenque
3220,24700,Puerto Viejo de Azua
3221,24700,Samana
3222,24700,Santa Barbara de Samana
3223,24700,All Other Dominican Republic Ports
3224,24700,Andres
3225,24700,Azua
3226,24700,Monte Cristi
3227,24700,Palenque
3228,24700,Puerto Palenque
3229,24700,Puerto Viejo de Azua
3230,24700,Samana
3231,24700,Santa Barbara de Samana
3232,24713,Barahona
3233,24713,Barahona
3234,24721,Boca Chica
3235,24721,Boca Chica
3236,24722,Caucedo
3237,24722,Caucedo
3238,24727,Cabo Rojo
3239,24727,Cabo Rojo
3240,24731,Bahia de Las Calderas
3241,24731,Caldera Bay
3242,24731,Las Calderas
3243,24731,Bahia de Las Calderas/Caldera Bay/Las Calderas
3244,24731,Bahia de Las Calderas
3245,24731,Caldera Bay
3246,24731,Las Calderas
3247,24731,Bahia de Las Calderas/Caldera Bay/Las Calderas
3248,24737,Ciudad Trujillo
3249,24737,Santo Domingo
3250,24737,Ciudad Trujillo/Santo Domingo
3251,24737,Ciudad Trujillo
3252,24737,Santo Domingo
3253,24737,Ciudad Trujillo/Santo Domingo
3254,24738,Punta Torrecilla
3255,24738,Torrecilla
3256,24738,Punta Torrecilla/Torrecilla
3257,24738,Punta Torrecilla
3258,24738,Torrecilla
3259,24738,Punta Torrecilla/Torrecilla
3260,24741,Haina
3261,24741,Jaina
3262,24741,Rio Haina
3263,24741,Rio Jaina
3264,24741,Haina/Jaina/Rio Haina/Rio Jaina
3265,24741,Haina
3266,24741,Jaina
3267,24741,Rio Haina
3268,24741,Rio Jaina
3269,24741,Haina/Jaina/Rio Haina/Rio Jaina
3270,24745,Manzanillo
3271,24745,Manzanillo Bay
3272,24745,Pepillo Salcedo
3273,24745,Puerto Libertador
3274,24745,Manzanillo/Manzanillo Bay/Pepillo Salcedo/Puerto Libertador
3275,24745,Manzanillo
3276,24745,Manzanillo Bay
3277,24745,Pepillo Salcedo
3278,24745,Puerto Libertador
3279,24745,Manzanillo/Manzanillo Bay/Pepillo Salcedo/Puerto Libertador
3280,24773,Puerto Plata
3281,24773,Puerto Plata
3282,24774,Luperon
3283,24774,Luperon
3284,24791,San Pedro de Macoris
3285,24791,San Pedro de Macoris
3286,24813,Virgin Gorda
3287,24813,Virgin Gorda
3288,24815,Port Purcell
3289,24815,"Road Harbour, Tortola"
3290,24815,"Road Town, Tortola Island"
3291,24815,"Port Purcell/Road Harbour, Tortola/Road Town, Tortola Island"
3292,24815,Port Purcell
3293,24815,"Road Harbour, Tortola"
3294,24815,"Road Town, Tortola Island"
3295,24815,"Port Purcell/Road Harbour, Tortola/Road Town, Tortola Island"
3296,24821,Anguilla
3297,24821,Anguilla
3298,24823,Sombrero Island
3299,24823,Sombrero Island
3300,24831,"Parham Harbour, Antigua"
3301,24831,"St. John's, Antigua"
3302,24831,"Parham Harbour, Antigua/St. John's, Antigua"
3303,24831,"Parham Harbour, Antigua"
3304,24831,"St. John's, Antigua"
3305,24831,"Parham Harbour, Antigua/St. John's, Antigua"
3306,24835,"Basseterre, St. Kitts"
3307,24835,"Basseterre, St. Kitts"
3308,24837,"Charlestown, Nevis Is."
3309,24837,"Charlestown, Nevis Is."
3310,24845,Plymouth
3311,24845,Plymouth
3312,24851,Rouseau
3313,24851,Rouseau
3314,24852,Portsmouth
3315,24852,Portsmouth
3316,24853,Woodbridge Bay
3317,24853,Woodbridge Bay
3318,24865,Castries
3319,24865,Castries
3320,24866,Cul de Sac
3321,24866,Cul de Sac
3322,24867,Vieux Fort
3323,24867,Vieux Fort
3324,24871,Admiralty Bay
3325,24871,Kingstown
3326,24871,Admiralty Bay/Kingstown
3327,24871,Admiralty Bay
3328,24871,Kingstown
3329,24871,Admiralty Bay/Kingstown
3330,24881,St. George
3331,24881,St. George's
3332,24881,St. George/St. George's
3333,24881,St. George
3334,24881,St. George's
3335,24881,St. George/St. George's
3336,24882,Grande Anse
3337,24882,Grande Anse
3338,26344,Treasure Cay
3339,26344,Treasure Cay
3340,27201,Bridgetown
3341,27201,Bridgetown
3342,27210,Oistino
3343,27210,Oistino
3344,27213,Speightstown
3345,27213,Speightstown
3346,27400,All Other Trinidad Ports
3347,27400,Brighton
3348,27400,Chaguaramas
3349,27400,La Brea
3350,27400,Tobago
3351,27400,All Other Trinidad Ports
3352,27400,Brighton
3353,27400,Chaguaramas
3354,27400,La Brea
3355,27400,Tobago
3356,27410,Galeota Point
3357,27410,Point Galeota
3358,27410,Galeota Point/Point Galeota
3359,27410,Galeota Point
3360,27410,Point Galeota
3361,27410,Galeota Point/Point Galeota
3362,27415,Pointe a Pierre
3363,27415,Pointe a Pierre
3364,27420,Point Fortin
3365,27420,Point Fortin
3366,27425,Point Lisas
3367,27425,Point Lisas
3368,27431,Port of Spain
3369,27431,Port of Spain
3370,27443,San Fernando
3371,27443,San Fernando
3372,27446,Tembladora
3373,27446,Tembladora
3374,27451,Scarborough
3375,27451,Scarborough
3376,27700,All Other Netherlands Antilles Ports
3377,27700,All Other Netherlands Antilles Ports
3378,27701,Orangestad
3379,27701,Oranjestad
3380,27701,Paarden Baai
3381,27701,Paarden Bay
3382,27701,Orangestad/Oranjestad/Paarden Baai/Paarden Bay
3383,27701,Orangestad
3384,27701,Oranjestad
3385,27701,Paarden Baai
3386,27701,Paarden Bay
3387,27701,Orangestad/Oranjestad/Paarden Baai/Paarden Bay
3388,27702,San Nicolas Bay
3389,27702,Sint Nicolaas Baai
3390,27702,St. Nicolaas
3391,27702,San Nicolas Bay/Sint Nicolaas Baai/St. Nicolaas
3392,27702,San Nicolas Bay
3393,27702,Sint Nicolaas Baai
3394,27702,St. Nicolaas
3395,27702,San Nicolas Bay/Sint Nicolaas Baai/St. Nicolaas
3396,27703,Barcadera
3397,27703,Barcadera
3398,27705,Fort Baii
3399,27705,Fort Bay
3400,27705,Fort Baii/Fort Bay
3401,27705,Fort Baii
3402,27705,Fort Bay
3403,27705,Fort Baii/Fort Bay
3404,27715,Goto Oil Terminal
3405,27715,Kralendijk
3406,27715,Goto Oil Terminal/Kralendijk
3407,27715,Goto Oil Terminal
3408,27715,Kralendijk
3409,27715,Goto Oil Terminal/Kralendijk
3410,27725,Bullen Baai
3411,27725,Bullen Bay
3412,27725,Caracas Baai
3413,27725,Caracas Bay
3414,27725,St. Michiel’s Bay
3415,27725,Willemstad
3416,27725,Bullen Baai/Bullen Bay/Caracas Baai/Caracas Bay/St. Michiel’s Bay/Willemstad
3417,27725,Bullen Baai
3418,27725,Bullen Bay
3419,27725,Caracas Baai
3420,27725,Caracas Bay
3421,27725,St. Michiel’s Bay
3422,27725,Willemstad
3423,27725,Bullen Baai/Bullen Bay/Caracas Baai/Caracas Bay/St. Michiel’s Bay/Willemstad
3424,27726,Philipsborough
3425,27726,Philipsburgh
3426,27726,Philipsborough/Philipsburgh
3427,27726,Philipsborough
3428,27726,Philipsburgh
3429,27726,Philipsborough/Philipsburgh
3430,27727,Galisbay
3431,27727,St. Maarten
3432,27727,St. Martin
3433,27727,Galisbay/St. Maarten/St. Martin
3434,27727,Galisbay
3435,27727,St. Maarten
3436,27727,St. Martin
3437,27727,Galisbay/St. Maarten/St. Martin
3438,27730,Sint Eustatius
3439,27730,St. Eustatius
3440,27730,Sint Eustatius/St. Eustatius
3441,27730,Sint Eustatius
3442,27730,St. Eustatius
3443,27730,Sint Eustatius/St. Eustatius
3444,28300,All Other Guadeloupe Ports
3445,28300,Saint Martin
3446,28300,St. Anne
3447,28300,St. Martin
3448,28300,All Other Guadeloupe Ports
3449,28300,Saint Martin
3450,28300,St. Anne
3451,28300,St. Martin
3452,28313,Pointe a Pitre
3453,28313,Pointe a Pitre
3454,28315,Basse Terre
3455,28315,Basse Terre
3456,28319,Gustavia
3457,28319,Port Gustave
3458,28319,Saint Bartholomew
3459,28319,St. Barthelemy
3460,28319,St. Bartholomew
3461,28319,St. Barth's
3462,28319,Gustavia/Port Gustave/Saint Bartholomew/St. Barthelemy/St. Bartholomew/St. Barth's
3463,28319,Gustavia
3464,28319,Port Gustave
3465,28319,Saint Bartholomew
3466,28319,St. Barthelemy
3467,28319,St. Bartholomew
3468,28319,St. Barth's
3469,28319,Gustavia/Port Gustave/Saint Bartholomew/St. Barthelemy/St. Bartholomew/St. Barth's
3470,28320,"Marigot, St. Martin"
3471,28320,"Marigot, St. Martin"
3472,28351,Fort De France
3473,28351,Fort De France
3474,28399,All Other Martinique Ports
3475,28399,Baie du Galion
3476,28399,Galion
3477,28399,Gallion Bay
3478,28399,La Trinite
3479,28399,Le Francois
3480,28399,Le Lamentin
3481,28399,Le Marin
3482,28399,Le Robert
3483,28399,Saint Pierre
3484,28399,St. Pierre
3485,28399,All Other Martinique Ports
3486,28399,Baie du Galion
3487,28399,Galion
3488,28399,Gallion Bay
3489,28399,La Trinite
3490,28399,Le Francois
3491,28399,Le Lamentin
3492,28399,Le Marin
3493,28399,Le Robert
3494,28399,Saint Pierre
3495,28399,St. Pierre
3496,30100,All Other Colombian Caribbean Region Ports
3497,30100,Covenas
3498,30100,Pozos Colorados
3499,30100,Puerto Zuniga
3500,30100,All Other Colombian Caribbean Region Ports
3501,30100,Covenas
3502,30100,Pozos Colorados
3503,30100,Puerto Zuniga
3504,30104,Barranquilla
3505,30104,Barranquilla
3506,30107,Cartagena
3507,30107,Cartagena
3508,30121,Puerto Bolivar
3509,30121,Puerto Bolivar
3510,30125,Mamonal
3511,30125,Mamonal
3512,30130,Isla San Andres
3513,30130,San Andres
3514,30130,Isla San Andres/San Andres
3515,30130,Isla San Andres
3516,30130,San Andres
3517,30130,Isla San Andres/San Andres
3518,30131,Puerto Colombia
3519,30131,Puerto Colombia
3520,30140,Puerto Drummond
3521,30140,Santa Marta
3522,30140,Puerto Drummond/Santa Marta
3523,30140,Puerto Drummond
3524,30140,Santa Marta
3525,30140,Puerto Drummond/Santa Marta
3526,30145,Turbo
3527,30145,Turbo
3528,30151,Buenaventura
3529,30151,Buenaventura
3530,30152,Tumaco
3531,30152,Tumaco
3532,30198,All Columbia Amazon Region Ports
3533,30198,Leticia
3534,30198,Tarapaca
3535,30198,All Columbia Amazon Region Ports
3536,30198,Leticia
3537,30198,Tarapaca
3538,30199,All Other Colombia West Coast Region Ports
3539,30199,All Other Colombia West Coast Region Ports
3540,30700,Adicora
3541,30700,All Other Venezuela Ports
3542,30700,Altagracia
3543,30700,Bachaquero
3544,30700,Bobures
3545,30700,Cabimas
3546,30700,Chichiriviche
3547,30700,Coloncha
3548,30700,Guiria
3549,30700,La Ceiba
3550,30700,Lagunillas
3551,30700,Pampatar
3552,30700,Porlamar
3553,30700,Puerto Cumarebo
3554,30700,Puerto de Hierro
3555,30700,Puerto Espiritu
3556,30700,Puerto Gorda
3557,30700,Punta Camacho
3558,30700,Punta Gorda
3559,30700,Punta Piedras
3560,30700,Rio Chico
3561,30700,Rio Sico
3562,30700,San Lorenzo
3563,30700,Tucacas
3564,30700,Turiamo
3565,30700,Adicora
3566,30700,All Other Venezuela Ports
3567,30700,Altagracia
3568,30700,Bachaquero
3569,30700,Bobures
3570,30700,Cabimas
3571,30700,Chichiriviche
3572,30700,Coloncha
3573,30700,Guiria
3574,30700,La Ceiba
3575,30700,Lagunillas
3576,30700,Pampatar
3577,30700,Porlamar
3578,30700,Puerto Cumarebo
3579,30700,Puerto de Hierro
3580,30700,Puerto Espiritu
3581,30700,Puerto Gorda
3582,30700,Punta Camacho
3583,30700,Punta Gorda
3584,30700,Punta Piedras
3585,30700,Rio Chico
3586,30700,Rio Sico
3587,30700,San Lorenzo
3588,30700,Tucacas
3589,30700,Turiamo
3590,30704,Amuay Bay
3591,30704,Bahia de Amuay
3592,30704,Amuay Bay/Bahia de Amuay
3593,30704,Amuay Bay
3594,30704,Bahia de Amuay
3595,30704,Amuay Bay/Bahia de Amuay
3596,30708,Bajo Grande
3597,30708,Bajo Grande
3598,30721,Carupano
3599,30721,Carupano
3600,30725,Ciudad Bolivar
3601,30725,Ciudad Bolivar
3602,30735,El Chaure
3603,30735,El Chaure
3604,30737,El Palito
3605,30737,Punta Chavez
3606,30737,El Palito/Punta Chavez
3607,30737,El Palito
3608,30737,Punta Chavez
3609,30737,El Palito/Punta Chavez
3610,30739,El Tablazo
3611,30739,El Tablazo
3612,30741,Bahia Guanta
3613,30741,Guanta
3614,30741,Bahia Guanta/Guanta
3615,30741,Bahia Guanta
3616,30741,Guanta
3617,30741,Bahia Guanta/Guanta
3618,30742,Guaranao
3619,30742,Guaranao
3620,30743,Jose
3621,30743,Petrozuata
3622,30743,Puerto Jose
3623,30743,Jose/Petrozuata/Puerto Jose
3624,30743,Jose
3625,30743,Petrozuata
3626,30743,Puerto Jose
3627,30743,Jose/Petrozuata/Puerto Jose
3628,30745,Caracas
3629,30745,La Guaira
3630,30745,Caracas/La Guaira
3631,30745,Caracas
3632,30745,La Guaira
3633,30745,Caracas/La Guaira
3634,30753,La Salina
3635,30753,La Salina
3636,30755,Las Piedras
3637,30755,Las Piedras
3638,30758,Moron
3639,30758,Moron
3640,30759,Maracaibo
3641,30759,Maracaibo
3642,30760,Matanzas
3643,30760,Matanzas
3644,30761,Palua
3645,30761,Palua
3646,30763,Puerto Miranda
3647,30763,Puerto Miranda
3648,30764,Puerto Cabello
3649,30764,Puerto Cabello
3650,30765,Coro
3651,30765,Coro
3652,30766,Cumarebo
3653,30766,Cumarebo
3654,30767,Punta Cuchillo
3655,30767,Punta Cuchillo
3656,30768,Puerto Ordaz
3657,30768,Puerto Ordaz
3658,30769,Cumana
3659,30769,Puerto Sucre
3660,30769,Cumana/Puerto Sucre
3661,30769,Cumana
3662,30769,Puerto Sucre
3663,30769,Cumana/Puerto Sucre
3664,30770,Punta Cardon
3665,30770,Punta Cardon
3666,30771,Puerto La Cruz
3667,30771,Puerto La Cruz
3668,30772,Caripito
3669,30772,Caripito
3670,30773,Punta Palmas
3671,30773,Punta Palmas
3672,30774,El Guamache
3673,30774,El Guamache
3674,30775,Pertigalete
3675,30775,Pertigalete
3676,30780,San Felix
3677,30780,San Felix
3678,31200,All Other Guyana Ports
3679,31200,All Other Guyana Ports
3680,31201,Demerara
3681,31201,Georgetown
3682,31201,Demerara/Georgetown
3683,31201,Demerara
3684,31201,Georgetown
3685,31201,Demerara/Georgetown
3686,31202,New Amsterdam
3687,31202,New Amsterdam
3688,31215,Linden
3689,31215,Linden
3690,31230,Barama
3691,31230,Baramanni
3692,31230,Barama/Baramanni
3693,31230,Barama
3694,31230,Baramanni
3695,31230,Barama/Baramanni
3696,31235,McKenzie
3697,31235,McKenzie
3698,31268,Everton
3699,31268,Everton
3700,31500,All Other Suriname Ports
3701,31500,Brokopondo
3702,31500,Nieuw Nickerie
3703,31500,Wageningen
3704,31500,All Other Suriname Ports
3705,31500,Brokopondo
3706,31500,Nieuw Nickerie
3707,31500,Wageningen
3708,31501,Moengo
3709,31501,Moengo
3710,31523,Paramaribo
3711,31523,Smalkalden
3712,31523,Paramaribo/Smalkalden
3713,31523,Paramaribo
3714,31523,Smalkalden
3715,31523,Paramaribo/Smalkalden
3716,31524,Paranam
3717,31524,Paranam
3718,31700,All French Guiana Ports
3719,31700,Cayenne
3720,31700,Degrad des Cannes
3721,31700,Saint Laurent
3722,31700,St. Laurent
3723,31700,All French Guiana Ports
3724,31700,Cayenne
3725,31700,Degrad des Cannes
3726,31700,Saint Laurent
3727,31700,St. Laurent
3728,33100,All Other Ecuador Ports
3729,33100,Galapagos Islands
3730,33100,Manchala
3731,33100,Manglaralto
3732,33100,Puna
3733,33100,San Lorenzo
3734,33100,Santa Elena
3735,33100,All Other Ecuador Ports
3736,33100,Galapagos Islands
3737,33100,Manchala
3738,33100,Manglaralto
3739,33100,Puna
3740,33100,San Lorenzo
3741,33100,Santa Elena
3742,33101,Bahia de Caraquez
3743,33101,Bahia de Caraquez
3744,33109,Balao
3745,33109,Balao Terminal
3746,33109,Tepre
3747,33109,Balao/Balao Terminal/Tepre
3748,33109,Balao
3749,33109,Balao Terminal
3750,33109,Tepre
3751,33109,Balao/Balao Terminal/Tepre
3752,33115,Salinas
3753,33115,Salinas
3754,33121,Esmeraldas
3755,33121,Esmeraldas
3756,33131,Duran
3757,33131,Guayaquil
3758,33131,Duran/Guayaquil
3759,33131,Duran
3760,33131,Guayaquil
3761,33131,Duran/Guayaquil
3762,33132,Puerto Nuevo
3763,33132,Puerto Nuevo
3764,33136,La Libertad
3765,33136,La Libertad
3766,33151,Manta
3767,33151,Manta
3768,33159,Puerto Bolivar
3769,33159,Puerto Bolivar
3770,33300,All Other Peru Ports
3771,33300,Atico
3772,33300,Bahia de Eten
3773,33300,Bayovar
3774,33300,Casma
3775,33300,Cerro Azul
3776,33300,Chala
3777,33300,Chancay
3778,33300,Chicama
3779,33300,Chiclayo
3780,33300,Chilca
3781,33300,Chimbote
3782,33300,Chincha Islands
3783,33300,Eten
3784,33300,Huacho
3785,33300,Huarmey
3786,33300,Islas Lobos de Afuera
3787,33300,Islas Lobos de Tierra
3788,33300,Lobos de Afuera
3789,33300,Lobos de Tierra
3790,33300,Lomas
3791,33300,Mala
3792,33300,Pacasmayo
3793,33300,Paracas Bay
3794,33300,Paramonga
3795,33300,Peruvian Whaling Grounds
3796,33300,Puerto Bayovar
3797,33300,Puerto Eten
3798,33300,Punta Pescadores
3799,33300,Trujillo
3800,33300,All Other Peru Ports
3801,33300,Atico
3802,33300,Bahia de Eten
3803,33300,Bayovar
3804,33300,Casma
3805,33300,Cerro Azul
3806,33300,Chala
3807,33300,Chancay
3808,33300,Chicama
3809,33300,Chiclayo
3810,33300,Chilca
3811,33300,Chimbote
3812,33300,Chincha Islands
3813,33300,Eten
3814,33300,Huacho
3815,33300,Huarmey
3816,33300,Islas Lobos de Afuera
3817,33300,Islas Lobos de Tierra
3818,33300,Lobos de Afuera
3819,33300,Lobos de Tierra
3820,33300,Lomas
3821,33300,Mala
3822,33300,Pacasmayo
3823,33300,Paracas Bay
3824,33300,Paramonga
3825,33300,Peruvian Whaling Grounds
3826,33300,Puerto Bayovar
3827,33300,Puerto Eten
3828,33300,Punta Pescadores
3829,33300,Trujillo
3830,33301,Ancon
3831,33301,Ancon
3832,33303,Callao
3833,33303,Callao
3834,33305,Conchan
3835,33305,Conchan
3836,33335,Ilo
3837,33335,Ilo
3838,33337,Iquitos
3839,33337,Iquitos
3840,33340,La Pampilla
3841,33340,La Pampilla
3842,33354,Matarani
3843,33354,Matarani
3844,33355,Mollendo
3845,33355,Mollendo
3846,33363,Paita
3847,33363,Paita
3848,33371,Pimentel
3849,33371,Pimentel
3850,33373,General San Martin
3851,33373,Pisco
3852,33373,General San Martin/Pisco
3853,33373,General San Martin
3854,33373,Pisco
3855,33373,General San Martin/Pisco
3856,33377,Salaverry
3857,33377,Salaverry
3858,33380,San Nicolas
3859,33380,San Nicolas
3860,33385,Supe
3861,33385,Supe
3862,33389,Talara
3863,33389,Talara
3864,33700,All Other Chile Ports
3865,33700,Ancud
3866,33700,Caleta Buena
3867,33700,Carrizal Bajo
3868,33700,Chacabuco
3869,33700,Coronel
3870,33700,Corral
3871,33700,Cruz Grande
3872,33700,Easter Island
3873,33700,Gatico
3874,33700,Guanillo
3875,33700,Lebu
3876,33700,Los Vilos
3877,33700,Lota
3878,33700,Mejillones del Sur
3879,33700,Pabellon
3880,33700,Papudo
3881,33700,Pena Blanca
3882,33700,Pisagua
3883,33700,Puerto Montt
3884,33700,Punta Patache
3885,33700,Taltal
3886,33700,Tome
3887,33700,Valdivia
3888,33700,All Other Chile Ports
3889,33700,Ancud
3890,33700,Caleta Buena
3891,33700,Carrizal Bajo
3892,33700,Chacabuco
3893,33700,Coronel
3894,33700,Corral
3895,33700,Cruz Grande
3896,33700,Easter Island
3897,33700,Gatico
3898,33700,Guanillo
3899,33700,Lebu
3900,33700,Los Vilos
3901,33700,Lota
3902,33700,Mejillones del Sur
3903,33700,Pabellon
3904,33700,Papudo
3905,33700,Pena Blanca
3906,33700,Pisagua
3907,33700,Puerto Montt
3908,33700,Punta Patache
3909,33700,Taltal
3910,33700,Tome
3911,33700,Valdivia
3912,33703,Antofagasta
3913,33703,Antofagasta
3914,33706,Arica
3915,33706,Arica
3916,33708,Caldera
3917,33708,Caldera
3918,33716,Caleta Barquito
3919,33716,Chanaral
3920,33716,Caleta Barquito/Chanaral
3921,33716,Caleta Barquito
3922,33716,Chanaral
3923,33716,Caleta Barquito/Chanaral
3924,33721,Coquimbo
3925,33721,Coquimbo
3926,33735,Guayacan
3927,33735,Guayacan
3928,33739,Huasco
3929,33739,Huasco
3930,33741,Iquique
3931,33741,Iquique
3932,33751,Lirquen
3933,33751,Puerto de Lirquen
3934,33751,Lirquen/Puerto de Lirquen
3935,33751,Lirquen
3936,33751,Puerto de Lirquen
3937,33751,Lirquen/Puerto de Lirquen
3938,33765,Caleta Patillos
3939,33765,Patillos
3940,33765,Caleta Patillos/Patillos
3941,33765,Caleta Patillos
3942,33765,Patillos
3943,33765,Caleta Patillos/Patillos
3944,33770,Punta Arenas
3945,33770,Punta Arenas
3946,33775,Quintero
3947,33775,Quintero
3948,33776,Santiago
3949,33776,Santiago
3950,33779,San Antonio
3951,33779,San Antonio
3952,33780,San Vicente
3953,33780,San Vicente
3954,33781,Talcahuano
3955,33781,Talcahuano
3956,33782,Penco
3957,33782,Penco
3958,33788,Tocopilla
3959,33788,Tocopilla
3960,33797,Las Salinas
3961,33797,Valparaiso
3962,33797,Las Salinas/Valparaiso
3963,33797,Las Salinas
3964,33797,Valparaiso
3965,33797,Las Salinas/Valparaiso
3966,35107,Angra dos Reis
3967,35107,Tebig
3968,35107,Angra dos Reis/Tebig
3969,35107,Angra dos Reis
3970,35107,Tebig
3971,35107,Angra dos Reis/Tebig
3972,35113,Madre de Deus
3973,35113,Madre de Deus
3974,35115,Aratu
3975,35115,Aratu
3976,35120,Pecem
3977,35120,Port do Pecem
3978,35120,Pecem/Port do Pecem
3979,35120,Pecem
3980,35120,Port do Pecem
3981,35120,Pecem/Port do Pecem
3982,35121,Barcarena
3983,35121,Belem
3984,35121,Para
3985,35121,Vila do Conde
3986,35121,Barcarena/Belem/Para/Vila do Conde
3987,35121,Barcarena
3988,35121,Belem
3989,35121,Para
3990,35121,Vila do Conde
3991,35121,Barcarena/Belem/Para/Vila do Conde
3992,35123,Breves
3993,35123,Breves
3994,35127,Cabedelo
3995,35127,Joao Pessoa
3996,35127,Cabedelo/Joao Pessoa
3997,35127,Cabedelo
3998,35127,Joao Pessoa
3999,35127,Cabedelo/Joao Pessoa
4000,35133,Ceara
4001,35133,Fortaleza
4002,35133,Mucuripe
4003,35133,Ceara/Fortaleza/Mucuripe
4004,35133,Ceara
4005,35133,Fortaleza
4006,35133,Mucuripe
4007,35133,Ceara/Fortaleza/Mucuripe
4008,35135,Itaqui
4009,35135,Port Itaqui
4010,35135,Sao Luiz de Maranhao
4011,35135,Itaqui/Port Itaqui/Sao Luiz de Maranhao
4012,35135,Itaqui
4013,35135,Port Itaqui
4014,35135,Sao Luiz de Maranhao
4015,35135,Itaqui/Port Itaqui/Sao Luiz de Maranhao
4016,35137,Ilheus
4017,35137,Malhado
4018,35137,Ilheus/Malhado
4019,35137,Ilheus
4020,35137,Malhado
4021,35137,Ilheus/Malhado
4022,35138,Itajai
4023,35138,Itajay
4024,35138,Itajai/Itajay
4025,35138,Itajai
4026,35138,Itajay
4027,35138,Itajai/Itajay
4028,35139,Itacoatiara
4029,35139,Itacoatiara
4030,35141,Maceio
4031,35141,Maceio
4032,35144,Manaus
4033,35144,Manaus
4034,35157,Natal
4035,35157,Natal
4036,35158,Obidos
4037,35158,Obidos
4038,35159,Antonina
4039,35159,Barao de Teffe
4040,35159,Paranagua
4041,35159,Antonina/Barao de Teffe/Paranagua
4042,35159,Antonina
4043,35159,Barao de Teffe
4044,35159,Paranagua
4045,35159,Antonina/Barao de Teffe/Paranagua
4046,35160,Praia Mole
4047,35160,Tubarao
4048,35160,Praia Mole/Tubarao
4049,35160,Praia Mole
4050,35160,Tubarao
4051,35160,Praia Mole/Tubarao
4052,35161,Tramandai
4053,35161,Tramandai
4054,35163,Parnahyba
4055,35163,Parnaiba
4056,35163,Tutoia
4057,35163,Tutoya
4058,35163,Parnahyba/Parnaiba/Tutoia/Tutoya
4059,35163,Parnahyba
4060,35163,Parnaiba
4061,35163,Tutoia
4062,35163,Tutoya
4063,35163,Parnahyba/Parnaiba/Tutoia/Tutoya
4064,35164,Munguba
4065,35164,Munguba
4066,35165,Macapa
4067,35165,Port Santana
4068,35165,Santana
4069,35165,Macapa/Port Santana/Santana
4070,35165,Macapa
4071,35165,Port Santana
4072,35165,Santana
4073,35165,Macapa/Port Santana/Santana
4074,35166,Point Ubu
4075,35166,Ponta do Ubu
4076,35166,Point Ubu/Ponta do Ubu
4077,35166,Point Ubu
4078,35166,Ponta do Ubu
4079,35166,Point Ubu/Ponta do Ubu
4080,35167,Porto Alegre
4081,35167,Santa Clara
4082,35167,Porto Alegre/Santa Clara
4083,35167,Porto Alegre
4084,35167,Santa Clara
4085,35167,Porto Alegre/Santa Clara
4086,35168,Ponta da Madeira
4087,35168,Ponta da Madeira
4088,35169,Pernambuco
4089,35169,Recife
4090,35169,Pernambuco/Recife
4091,35169,Pernambuco
4092,35169,Recife
4093,35169,Pernambuco/Recife
4094,35170,Saupe
4095,35170,Saupe
4096,35171,Niteroi
4097,35171,Rio de Janeiro
4098,35171,Niteroi/Rio de Janeiro
4099,35171,Niteroi
4100,35171,Rio de Janeiro
4101,35171,Niteroi/Rio de Janeiro
4102,35173,Rio Grande
4103,35173,Rio Grande
4104,35175,Sao Sebastio
4105,35175,Sao Sebastio
4106,35176,Trombetas
4107,35176,Trombetas
4108,35177,Santos
4109,35177,Sao Paulo
4110,35177,Santos/Sao Paulo
4111,35177,Santos
4112,35177,Sao Paulo
4113,35177,Santos/Sao Paulo
4114,35178,Imbituba
4115,35178,Imbituba
4116,35179,Sao Francisco do Sul
4117,35179,Sao Francisco do Sul
4118,35181,Salvador
4119,35181,Salvador
4120,35185,Itaguai
4121,35185,Sepetiba Bay
4122,35185,Itaguai/Sepetiba Bay
4123,35185,Itaguai
4124,35185,Sepetiba Bay
4125,35185,Itaguai/Sepetiba Bay
4126,35195,Victoria
4127,35195,Vitoria
4128,35195,Victoria/Vitoria
4129,35195,Victoria
4130,35195,Vitoria
4131,35195,Victoria/Vitoria
4132,35198,Abaetetuba
4133,35198,Alenquer
4134,35198,All Other Brazil Ports North of Recife
4135,35198,Amarracao
4136,35198,Aracati
4137,35198,Areia Branca
4138,35198,Boa Vista
4139,35198,Camocim
4140,35198,Luis Correia
4141,35198,Mossoro
4142,35198,Oriximina
4143,35198,Portel
4144,35198,Santarem
4145,35198,Sao Miguel dos Macaos
4146,35198,Termisa Terminal
4147,35198,Urucara
4148,35198,Abaetetuba
4149,35198,Alenquer
4150,35198,All Other Brazil Ports North of Recife
4151,35198,Amarracao
4152,35198,Aracati
4153,35198,Areia Branca
4154,35198,Boa Vista
4155,35198,Camocim
4156,35198,Luis Correia
4157,35198,Mossoro
4158,35198,Oriximina
4159,35198,Portel
4160,35198,Santarem
4161,35198,Sao Miguel dos Macaos
4162,35198,Termisa Terminal
4163,35198,Urucara
4164,35199,All Other Brazil Ports South of Recife
4165,35199,Aracaju
4166,35199,Barro do Riacho
4167,35199,Pelotas
4168,35199,Portocel
4169,35199,All Other Brazil Ports South of Recife
4170,35199,Aracaju
4171,35199,Barro do Riacho
4172,35199,Pelotas
4173,35199,Portocel
4174,35300,All Other Paraguay Ports
4175,35300,Puerto Villeta
4176,35300,San Antonio
4177,35300,Villeta
4178,35300,All Other Paraguay Ports
4179,35300,Puerto Villeta
4180,35300,San Antonio
4181,35300,Villeta
4182,35301,Asuncion
4183,35301,Asuncion
4184,35500,All Other Uruguay Ports
4185,35500,Colonia
4186,35500,Fray Bentos
4187,35500,Jose Ignacio Terminal
4188,35500,Paysandu
4189,35500,All Other Uruguay Ports
4190,35500,Colonia
4191,35500,Fray Bentos
4192,35500,Jose Ignacio Terminal
4193,35500,Paysandu
4194,35525,Montevideo
4195,35525,Montevideo
4196,35535,Nueva Palmira
4197,35535,Nueva Palmira
4198,35537,Punta del Este
4199,35537,Punta del Este
4200,35700,Acevedo
4201,35700,All Other Argentina Ports
4202,35700,Concepcion del Uruguay
4203,35700,Diamante
4204,35700,Ibicuy
4205,35700,Puerto Quequen
4206,35700,Punta Quilla
4207,35700,Rio Gallegos
4208,35700,San Antonio
4209,35700,San Sebastian Bay
4210,35700,Santa Cruz
4211,35700,Ushuaia
4212,35700,Acevedo
4213,35700,All Other Argentina Ports
4214,35700,Concepcion del Uruguay
4215,35700,Diamante
4216,35700,Ibicuy
4217,35700,Puerto Quequen
4218,35700,Punta Quilla
4219,35700,Rio Gallegos
4220,35700,San Antonio
4221,35700,San Sebastian Bay
4222,35700,Santa Cruz
4223,35700,Ushuaia
4224,35701,Bahia Blanca
4225,35701,Bahia Blanca
4226,35702,Comodoro Rivadavia
4227,35702,Rivadavia
4228,35702,Comodoro Rivadavia/Rivadavia
4229,35702,Comodoro Rivadavia
4230,35702,Rivadavia
4231,35702,Comodoro Rivadavia/Rivadavia
4232,35703,Caleta Cordova
4233,35703,Caleta Olivares
4234,35703,Caleta Olivia
4235,35703,Caleta Cordova/Caleta Olivares/Caleta Olivia
4236,35703,Caleta Cordova
4237,35703,Caleta Olivares
4238,35703,Caleta Olivia
4239,35703,Caleta Cordova/Caleta Olivares/Caleta Olivia
4240,35705,Buenos Aires
4241,35705,Buenos Aires
4242,35710,Bagual
4243,35710,Bagual
4244,35711,Campana
4245,35711,Campana
4246,35737,La Plata
4247,35737,La Plata
4248,35739,Mar del Plata
4249,35739,Mar del Plata
4250,35740,Madryn
4251,35740,Puerto Madryn
4252,35740,Madryn/Puerto Madryn
4253,35740,Madryn
4254,35740,Puerto Madryn
4255,35740,Madryn/Puerto Madryn
4256,35741,Necochea
4257,35741,Necochea
4258,35745,Puerto Deseado
4259,35745,Puerto Deseado
4260,35771,Rosario
4261,35771,Rosario
4262,35779,Pto. General San Martin
4263,35779,Puerto Borghio
4264,35779,Puerto San Lorenzo
4265,35779,San Lorenzo
4266,35779,Pto. General San Martin/Puerto Borghio/Puerto San Lorenzo/San Lorenzo
4267,35779,Pto. General San Martin
4268,35779,Puerto Borghio
4269,35779,Puerto San Lorenzo
4270,35779,San Lorenzo
4271,35779,Pto. General San Martin/Puerto Borghio/Puerto San Lorenzo/San Lorenzo
4272,35781,San Nicolas
4273,35781,San Nicolas
4274,35785,San Pedro
4275,35785,San Pedro
4276,35791,Santa Fe
4277,35791,Santa Fe
4278,35795,Villa Constitucion
4279,35795,Villa Constitucion
4280,35796,Zarate
4281,35796,Zarate
4282,37200,All Falkland Islands Ports
4283,37200,Port Stanley
4284,37200,South Georgia
4285,37200,South Orkneys
4286,37200,South Sandwich Islands
4287,37200,South Shetlands
4288,37200,All Falkland Islands Ports
4289,37200,Port Stanley
4290,37200,South Georgia
4291,37200,South Orkneys
4292,37200,South Sandwich Islands
4293,37200,South Shetlands
4294,40000,All Other Iceland Ports
4295,40000,Djupivogur
4296,40000,Eskifjordhur
4297,40000,Eskifjordur
4298,40000,Isafjordhur
4299,40000,Isafjordur
4300,40000,Keflavik
4301,40000,Raufarhofn
4302,40000,Seydhisfjordhur
4303,40000,Seydisfjordur
4304,40000,Siglufjordhur
4305,40000,Siglufjordur
4306,40000,Thorlakshofn
4307,40000,All Other Iceland Ports
4308,40000,Djupivogur
4309,40000,Eskifjordhur
4310,40000,Eskifjordur
4311,40000,Isafjordhur
4312,40000,Isafjordur
4313,40000,Keflavik
4314,40000,Raufarhofn
4315,40000,Seydhisfjordhur
4316,40000,Seydisfjordur
4317,40000,Siglufjordhur
4318,40000,Siglufjordur
4319,40000,Thorlakshofn
4320,40001,Hafnarfjordhur
4321,40001,Hafnarfjordur
4322,40001,Hafnarfjordhur/Hafnarfjordur
4323,40001,Hafnarfjordhur
4324,40001,Hafnarfjordur
4325,40001,Hafnarfjordhur/Hafnarfjordur
4326,40002,Grundarfjordur
4327,40002,Grundartangi
4328,40002,Grundarfjordur/Grundartangi
4329,40002,Grundarfjordur
4330,40002,Grundartangi
4331,40002,Grundarfjordur/Grundartangi
4332,40010,Njardvik
4333,40010,Njardvik
4334,40036,Neskaupstadur
4335,40036,Neskaupstadur
4336,40037,Reykjavik
4337,40037,Reykjavik
4338,40038,Akranes
4339,40038,Akranes
4340,40039,Akureyri
4341,40039,Akureyri
4342,40040,Vestmannaeyjar
4343,40040,Westman Isles
4344,40040,Vestmannaeyjar/Westman Isles
4345,40040,Vestmannaeyjar
4346,40040,Westman Isles
4347,40040,Vestmannaeyjar/Westman Isles
4348,40100,All Other Sweden Ports
4349,40100,Arnoviken
4350,40100,Bollsta
4351,40100,Brofjorden
4352,40100,Burea
4353,40100,Carlskrona
4354,40100,Domjou
4355,40100,Domsjo
4356,40100,Dynas
4357,40100,Essvik
4358,40100,Essviken
4359,40100,Fagervik
4360,40100,Frano
4361,40100,Furogrund
4362,40100,Furuogrund
4363,40100,Harare
4364,40100,Hargshamn
4365,40100,Harnosand
4366,40100,Hernosand
4367,40100,Hornesfors
4368,40100,Hudiksvall
4369,40100,Kalix
4370,40100,Kalmar
4371,40100,Karlskrona
4372,40100,Karlstad
4373,40100,Karskar
4374,40100,Kopmanholmen
4375,40100,Kramfors
4376,40100,Kristinehamn
4377,40100,Ljusne
4378,40100,Lysekil
4379,40100,Mem
4380,40100,Munksund
4381,40100,Nederkalix
4382,40100,Norrbyskar
4383,40100,Nynashamn
4384,40100,Ortviken
4385,40100,Orviken
4386,40100,Ostrand
4387,40100,Otterbacken
4388,40100,Pitea
4389,40100,Ronneby
4390,40100,Saljfviken
4391,40100,Sandhamn
4392,40100,Sikea
4393,40100,Skogholl
4394,40100,Skonvik
4395,40100,Skutskar
4396,40100,Slite
4397,40100,Soraker
4398,40100,Stocka
4399,40100,Svartvik
4400,40100,Trollhattan
4401,40100,Trollhatte Canal
4402,40100,Ulfvik
4403,40100,Ulvvik
4404,40100,Ursviken
4405,40100,Vaja
4406,40100,Varberg
4407,40100,Vifstavarf
4408,40100,Vinga
4409,40100,Vivstava
4410,40100,Ystad
4411,40100,All Other Sweden Ports
4412,40100,Arnoviken
4413,40100,Bollsta
4414,40100,Brofjorden
4415,40100,Burea
4416,40100,Carlskrona
4417,40100,Domjou
4418,40100,Domsjo
4419,40100,Dynas
4420,40100,Essvik
4421,40100,Essviken
4422,40100,Fagervik
4423,40100,Frano
4424,40100,Furogrund
4425,40100,Furuogrund
4426,40100,Harare
4427,40100,Hargshamn
4428,40100,Harnosand
4429,40100,Hernosand
4430,40100,Hornesfors
4431,40100,Hudiksvall
4432,40100,Kalix
4433,40100,Kalmar
4434,40100,Karlskrona
4435,40100,Karlstad
4436,40100,Karskar
4437,40100,Kopmanholmen
4438,40100,Kramfors
4439,40100,Kristinehamn
4440,40100,Ljusne
4441,40100,Lysekil
4442,40100,Mem
4443,40100,Munksund
4444,40100,Nederkalix
4445,40100,Norrbyskar
4446,40100,Nynashamn
4447,40100,Ortviken
4448,40100,Orviken
4449,40100,Ostrand
4450,40100,Otterbacken
4451,40100,Pitea
4452,40100,Ronneby
4453,40100,Saljfviken
4454,40100,Sandhamn
4455,40100,Sikea
4456,40100,Skogholl
4457,40100,Skonvik
4458,40100,Skutskar
4459,40100,Slite
4460,40100,Soraker
4461,40100,Stocka
4462,40100,Svartvik
4463,40100,Trollhattan
4464,40100,Trollhatte Canal
4465,40100,Ulfvik
4466,40100,Ulvvik
4467,40100,Ursviken
4468,40100,Vaja
4469,40100,Varberg
4470,40100,Vifstavarf
4471,40100,Vinga
4472,40100,Vivstava
4473,40100,Ystad
4474,40115,Gaddvik
4475,40115,Gaddvik
4476,40116,Gafle
4477,40116,Gavle
4478,40116,Gefle
4479,40116,Gevle
4480,40116,Gafle/Gavle/Gefle/Gevle
4481,40116,Gafle
4482,40116,Gavle
4483,40116,Gefle
4484,40116,Gevle
4485,40116,Gafle/Gavle/Gefle/Gevle
4486,40117,Goteborg
4487,40117,Gothenburg
4488,40117,Goteborg/Gothenburg
4489,40117,Goteborg
4490,40117,Gothenburg
4491,40117,Goteborg/Gothenburg
4492,40118,Hallstavik
4493,40118,Hallstavik
4494,40119,Halmstad
4495,40119,Halmstad
4496,40120,Halsingborg
4497,40120,Helsingborg
4498,40120,Halsingborg/Helsingborg
4499,40120,Halsingborg
4500,40120,Helsingborg
4501,40120,Halsingborg/Helsingborg
4502,40121,Falkenberg
4503,40121,Falkenberg
4504,40122,Ahus
4505,40122,Ahus
4506,40123,Hoganas
4507,40123,Hoganas
4508,40124,Skelleftea
4509,40124,Skelleftehamn
4510,40124,Skelleftea/Skelleftehamn
4511,40124,Skelleftea
4512,40124,Skelleftehamn
4513,40124,Skelleftea/Skelleftehamn
4514,40125,Umea
4515,40125,Umea
4516,40127,Holmsund
4517,40127,Holmsund
4518,40129,Iggesund
4519,40129,Iggesund
4520,40132,Karlsborg
4521,40132,Karlsborg
4522,40133,Karlshamn
4523,40133,Karlshamn
4524,40142,Lulea
4525,40142,Lulea
4526,40143,Limhamn
4527,40143,Malmo
4528,40143,Limhamn/Malmo
4529,40143,Limhamn
4530,40143,Malmo
4531,40143,Limhamn/Malmo
4532,40148,Norrkoping
4533,40148,Norrkoping
4534,40149,Norrsundet
4535,40149,Norrsundet
4536,40150,Lanskrona
4537,40150,Lanskrona
4538,40153,Obbola
4539,40153,Obbola
4540,40155,Ornskoldsvik
4541,40155,Ornskoldsvik
4542,40157,Oskarshamn
4543,40157,Oskarshamn
4544,40159,Oxelosund
4545,40159,Oxelosund
4546,40161,Ronnsker
4547,40161,Ronnsker
4548,40166,Sandarne
4549,40166,Sandarne
4550,40174,Soderhamn
4551,40174,Soderhamn
4552,40176,Stenungsund
4553,40176,Stenungsund
4554,40179,Stockholm
4555,40179,Stockholm
4556,40180,Stockvik
4557,40180,Stockvik
4558,40182,Sundsvall
4559,40182,Sundsvall
4560,40185,Trelleborg
4561,40185,Trelleborg
4562,40188,Uddevalla
4563,40188,Uddevalla
4564,40191,Utansjo
4565,40191,Utansjo
4566,40192,Vasteras
4567,40192,Vasteras
4568,40194,Vastervik
4569,40194,Vastervik
4570,40196,Vallvik
4571,40196,Vallvik
4572,40197,Wallhamn
4573,40197,Wallhamn
4574,40300,Aalvik
4575,40300,Aandalsnes
4576,40300,All Other Norway Ports
4577,40300,Alvik
4578,40300,Andalsnes
4579,40300,Arendal
4580,40300,Ballangen
4581,40300,Fagerstrand
4582,40300,Grimstad
4583,40300,Guldsmedvik
4584,40300,Haavik
4585,40300,Harstad
4586,40300,Holmestrand
4587,40300,Honningsvaag
4588,40300,Honningsvag
4589,40300,Horten
4590,40300,Jorpeland
4591,40300,Kaarsto
4592,40300,Kambo
4593,40300,Karsto
4594,40300,Kirkenes
4595,40300,Kopervik
4596,40300,Kragero
4597,40300,Langesund
4598,40300,Langstein
4599,40300,Lyngen
4600,40300,Melo
4601,40300,Meloy
4602,40300,Moldtustranda
4603,40300,Namsos
4604,40300,Odda
4605,40300,Odde
4606,40300,Risor
4607,40300,Sandefjord
4608,40300,Sarpsborg
4609,40300,Son
4610,40300,Steilene
4611,40300,Steinkjer
4612,40300,Svolvaer
4613,40300,Tau
4614,40300,Tofte
4615,40300,Tonsberg
4616,40300,Vaksdal
4617,40300,Aalvik
4618,40300,Aandalsnes
4619,40300,All Other Norway Ports
4620,40300,Alvik
4621,40300,Andalsnes
4622,40300,Arendal
4623,40300,Ballangen
4624,40300,Fagerstrand
4625,40300,Grimstad
4626,40300,Guldsmedvik
4627,40300,Haavik
4628,40300,Harstad
4629,40300,Holmestrand
4630,40300,Honningsvaag
4631,40300,Honningsvag
4632,40300,Horten
4633,40300,Jorpeland
4634,40300,Kaarsto
4635,40300,Kambo
4636,40300,Karsto
4637,40300,Kirkenes
4638,40300,Kopervik
4639,40300,Kragero
4640,40300,Langesund
4641,40300,Langstein
4642,40300,Lyngen
4643,40300,Melo
4644,40300,Meloy
4645,40300,Moldtustranda
4646,40300,Namsos
4647,40300,Odda
4648,40300,Odde
4649,40300,Risor
4650,40300,Sandefjord
4651,40300,Sarpsborg
4652,40300,Son
4653,40300,Steilene
4654,40300,Steinkjer
4655,40300,Svolvaer
4656,40300,Tau
4657,40300,Tofte
4658,40300,Tonsberg
4659,40300,Vaksdal
4660,40301,Aalesund
4661,40301,Aalesund
4662,40302,Aardal
4663,40302,Aardalstangen
4664,40302,Ardal
4665,40302,Aardal/Aardalstangen/Ardal
4666,40302,Aardal
4667,40302,Aardalstangen
4668,40302,Ardal
4669,40302,Aardal/Aardalstangen/Ardal
4670,40311,Aagotnes
4671,40311,Bergen
4672,40311,Sture
4673,40311,Aagotnes/Bergen/Sture
4674,40311,Aagotnes
4675,40311,Bergen
4676,40311,Sture
4677,40311,Aagotnes/Bergen/Sture
4678,40313,Brevik
4679,40313,Brevik
4680,40320,Holla
4681,40320,Holla
4682,40321,Drammen
4683,40321,Drammen
4684,40325,Egersund
4685,40325,Egersund
4686,40327,Eydehamn
4687,40327,Eydehamn
4688,40329,Farsund
4689,40329,Farsund
4690,40334,Borg Hbr.
4691,40334,Frederikstad
4692,40334,Fredrikstad
4693,40334,Borg Hbr./Frederikstad/Fredrikstad
4694,40334,Borg Hbr.
4695,40334,Frederikstad
4696,40334,Fredrikstad
4697,40334,Borg Hbr./Frederikstad/Fredrikstad
4698,40335,Larvik
4699,40335,Larvik
4700,40336,Hammerfest
4701,40336,Hammerfest
4702,40337,Bogen
4703,40337,Bogen Bay
4704,40337,Narvik
4705,40337,Bogen/Bogen Bay/Narvik
4706,40337,Bogen
4707,40337,Bogen Bay
4708,40337,Narvik
4709,40337,Bogen/Bogen Bay/Narvik
4710,40338,Tromso
4711,40338,Tromso
4712,40340,Floro
4713,40340,Floro
4714,40342,Halden
4715,40342,Halden
4716,40345,Haugesund
4717,40345,Haugesund
4718,40348,Heroen
4719,40348,Heroen
4720,40363,Kristiansand N
4721,40363,Kristiansand N
4722,40364,Kristiansand S
4723,40364,Kristiansand S
4724,40369,Bodo
4725,40369,Bodo
4726,40370,Mo i Rana
4727,40370,Mo i Rana
4728,40371,Moss
4729,40371,Moss
4730,40372,Maaloy
4731,40372,Maaloy
4732,40373,Mongstad
4733,40373,Mongstad
4734,40377,Lysaker
4735,40377,Oslo
4736,40377,Lysaker/Oslo
4737,40377,Lysaker
4738,40377,Oslo
4739,40377,Lysaker/Oslo
4740,40378,Porsgrunn
4741,40378,Porsgrunn
4742,40379,Rekefjord
4743,40379,Rekefjord
4744,40380,Salten
4745,40380,Salten
4746,40381,Sandnes
4747,40381,Sandnes
4748,40383,Sauda
4749,40383,Sauda
4750,40385,Skien
4751,40385,Skien
4752,40387,Stavanger
4753,40387,Stavanger
4754,40390,Sunndalsora
4755,40390,Sunndalsora
4756,40392,Svelgen
4757,40392,Svelgen
4758,40397,Trondheim
4759,40397,Trondheim
4760,40398,Spitsbergen
4761,40398,Spitsbergen
4762,40500,All Other Finland Ports
4763,40500,Gamlakarleby
4764,40500,Himanko
4765,40500,Jakobstad
4766,40500,Kasko
4767,40500,Kokkola
4768,40500,Mariehamn
4769,40500,Nikolaistad
4770,40500,Pateniemi
4771,40500,Pietarsaari
4772,40500,Tolkis
4773,40500,Tolkkinen
4774,40500,Tornea
4775,40500,Tornio
4776,40500,Valko
4777,40500,Valkom
4778,40500,Vasa
4779,40500,Walkom
4780,40500,All Other Finland Ports
4781,40500,Gamlakarleby
4782,40500,Himanko
4783,40500,Jakobstad
4784,40500,Kasko
4785,40500,Kokkola
4786,40500,Mariehamn
4787,40500,Nikolaistad
4788,40500,Pateniemi
4789,40500,Pietarsaari
4790,40500,Tolkis
4791,40500,Tolkkinen
4792,40500,Tornea
4793,40500,Tornio
4794,40500,Valko
4795,40500,Valkom
4796,40500,Vasa
4797,40500,Walkom
4798,40504,Lappajarvil
4799,40504,Lappohja
4800,40504,Lappajarvil/Lappohja
4801,40504,Lappajarvil
4802,40504,Lappohja
4803,40504,Lappajarvil/Lappohja
4804,40520,Fredrikshamn
4805,40520,Hamina
4806,40520,Fredrikshamn/Hamina
4807,40520,Fredrikshamn
4808,40520,Hamina
4809,40520,Fredrikshamn/Hamina
4810,40523,Hango
4811,40523,Hanko
4812,40523,Hango/Hanko
4813,40523,Hango
4814,40523,Hanko
4815,40523,Hango/Hanko
4816,40525,Helsingfors
4817,40525,Helsinki
4818,40525,Helsingfors/Helsinki
4819,40525,Helsingfors
4820,40525,Helsinki
4821,40525,Helsingfors/Helsinki
4822,40527,Inga
4823,40527,Inkoo
4824,40527,Inga/Inkoo
4825,40527,Inga
4826,40527,Inkoo
4827,40527,Inga/Inkoo
4828,40531,Ouleborg
4829,40531,Oulu
4830,40531,Toppila
4831,40531,Uleaborg
4832,40531,Ouleborg/Oulu/Toppila/Uleaborg
4833,40531,Ouleborg
4834,40531,Oulu
4835,40531,Toppila
4836,40531,Uleaborg
4837,40531,Ouleborg/Oulu/Toppila/Uleaborg
4838,40532,Koverhar
4839,40532,Koverhar
4840,40533,Loviisa
4841,40533,Lovisa
4842,40533,Loviisa/Lovisa
4843,40533,Loviisa
4844,40533,Lovisa
4845,40533,Loviisa/Lovisa
4846,40534,Porvoo
4847,40534,Skoldvik
4848,40534,Porvoo/Skoldvik
4849,40534,Porvoo
4850,40534,Skoldvik
4851,40534,Porvoo/Skoldvik
4852,40535,Raahe
4853,40535,Raahe
4854,40536,Saimaa Canal
4855,40536,Saimaa Canal
4856,40537,Nystad
4857,40537,Uusikaupunki
4858,40537,Nystad/Uusikaupunki
4859,40537,Nystad
4860,40537,Uusikaupunki
4861,40537,Nystad/Uusikaupunki
4862,40538,Vaasa
4863,40538,Vaasa
4864,40543,Kemi
4865,40543,Kemi
4866,40549,Kotka
4867,40549,Kotka
4868,40551,Mantyluoto
4869,40551,Mantyluoto
4870,40552,Naantali
4871,40552,Naantali
4872,40562,Bjorneborg
4873,40562,Pori
4874,40562,Bjorneborg/Pori
4875,40562,Bjorneborg
4876,40562,Pori
4877,40562,Bjorneborg/Pori
4878,40571,Rauma
4879,40571,Rauma
4880,40587,Abo
4881,40587,Turku
4882,40587,Abo/Turku
4883,40587,Abo
4884,40587,Turku
4885,40587,Abo/Turku
4886,40591,Ykspihlaja
4887,40591,Yxpila
4888,40591,Ykspihlaja/Yxpila
4889,40591,Ykspihlaja
4890,40591,Yxpila
4891,40591,Ykspihlaja/Yxpila
4892,40900,All Other Denmark Ports
4893,40900,Assens
4894,40900,Bandholm
4895,40900,Bogense
4896,40900,Bornholm
4897,40900,Elsinore
4898,40900,Glostrup
4899,40900,Grenaa
4900,40900,Hansted
4901,40900,Hanstholm
4902,40900,Helsingor
4903,40900,Kastrup
4904,40900,Lindo
4905,40900,Logstor
4906,40900,Sjaelland
4907,40900,Sjaellands Odde
4908,40900,Skagen
4909,40900,Sonderborg
4910,40900,Stege
4911,40900,Stubbekobing
4912,40900,Thisted
4913,40900,Tuborg
4914,40900,Tuborg Havn
4915,40900,All Other Denmark Ports
4916,40900,Assens
4917,40900,Bandholm
4918,40900,Bogense
4919,40900,Bornholm
4920,40900,Elsinore
4921,40900,Glostrup
4922,40900,Grenaa
4923,40900,Hansted
4924,40900,Hanstholm
4925,40900,Helsingor
4926,40900,Kastrup
4927,40900,Lindo
4928,40900,Logstor
4929,40900,Sjaelland
4930,40900,Sjaellands Odde
4931,40900,Skagen
4932,40900,Sonderborg
4933,40900,Stege
4934,40900,Stubbekobing
4935,40900,Thisted
4936,40900,Tuborg
4937,40900,Tuborg Havn
4938,40901,Aabenraa
4939,40901,Aabenraa
4940,40903,Aalborg
4941,40903,Aalborg
4942,40906,Aarhus
4943,40906,Aarhus
4944,40908,Enstead
4945,40908,Ensteadvaerket
4946,40908,Ensted
4947,40908,Enstedvaerkets Havn
4948,40908,Enstead/Ensteadvaerket/Ensted/Enstedvaerkets Havn
4949,40908,Enstead
4950,40908,Ensteadvaerket
4951,40908,Ensted
4952,40908,Enstedvaerkets Havn
4953,40908,Enstead/Ensteadvaerket/Ensted/Enstedvaerkets Havn
4954,40909,Frederikshavn
4955,40909,Frederikshavn
4956,40910,Gulfhavn
4957,40910,Gulfhavn
4958,40911,Haderslev
4959,40911,Haderslev
4960,40912,Hobro
4961,40912,Hobro
4962,40913,Holbaek
4963,40913,Holbaek
4964,40914,Horsens
4965,40914,Horsens
4966,40915,Kjoge
4967,40915,Koge
4968,40915,Kjoge/Koge
4969,40915,Kjoge
4970,40915,Koge
4971,40915,Kjoge/Koge
4972,40916,Kolding
4973,40916,Kolding
4974,40917,Korsor
4975,40917,Korsor
4976,40918,Kyndby
4977,40918,Kyndbyvaerkets Havn
4978,40918,Kyndby/Kyndbyvaerkets Havn
4979,40918,Kyndby
4980,40918,Kyndbyvaerkets Havn
4981,40918,Kyndby/Kyndbyvaerkets Havn
4982,40919,Esbjerg
4983,40919,Esbjerg
4984,40921,Fredericia
4985,40921,Fredericia
4986,40922,Nakskov
4987,40922,Nakskov
4988,40923,Nyborg
4989,40923,Nyborg
4990,40924,Nykobing
4991,40924,Nykobing
4992,40925,Randers
4993,40925,Randers
4994,40926,Ronne
4995,40926,Ronne
4996,40927,Struer
4997,40927,Struer
4998,40928,Svendborg
4999,40928,Svendborg
5000,40929,Veile
5001,40929,Vejle
5002,40929,Veile/Vejle
5003,40929,Veile
5004,40929,Vejle
5005,40929,Veile/Vejle
5006,40940,Asnaes
5007,40940,Asnaesvaerkets Havn
5008,40940,Kalundborg
5009,40940,Asnaes/Asnaesvaerkets Havn/Kalundborg
5010,40940,Asnaes
5011,40940,Asnaesvaerkets Havn
5012,40940,Kalundborg
5013,40940,Asnaes/Asnaesvaerkets Havn/Kalundborg
5014,40948,Copenhagen
5015,40948,Kobenhavn
5016,40948,Copenhagen/Kobenhavn
5017,40948,Copenhagen
5018,40948,Kobenhavn
5019,40948,Copenhagen/Kobenhavn
5020,40956,Norresundby
5021,40956,Norresundby
5022,40961,Odense
5023,40961,Odense
5024,40971,Stigsnaes
5025,40971,Stigsnaesvaerkets Havn
5026,40971,Stigsnaes/Stigsnaesvaerkets Havn
5027,40971,Stigsnaes
5028,40971,Stigsnaesvaerkets Havn
5029,40971,Stigsnaes/Stigsnaesvaerkets Havn
5030,40985,Tvoroyal
5031,40985,All Faroe Islands Ports
5032,40985,Fuglejord
5033,40985,Funglafjordur
5034,40985,Klaksvik
5035,40985,Thorshavn
5036,40985,Torshavn
5037,40985,Tvoroyri
5038,40985,Vaag
5039,40985,Vagur
5040,40985,Vestmanhavn
5041,40985,Vestmann
5042,40985,Tvoroyal
5043,40985,All Faroe Islands Ports
5044,40985,Fuglejord
5045,40985,Funglafjordur
5046,40985,Klaksvik
5047,40985,Thorshavn
5048,40985,Torshavn
5049,40985,Tvoroyri
5050,40985,Vaag
5051,40985,Vagur
5052,40985,Vestmanhavn
5053,40985,Vestmann
5054,41201,Avonmouth
5055,41201,Avonmouth
5056,41207,Birkenhead
5057,41207,Birkenhead
5058,41211,Bebington
5059,41211,Bristol
5060,41211,Bebington/Bristol
5061,41211,Bebington
5062,41211,Bristol
5063,41211,Bebington/Bristol
5064,41214,Bromsborough
5065,41214,Bromsborough
5066,41216,Eastham
5067,41216,Eastham
5068,41227,Ellesmere
5069,41227,Stanlow
5070,41227,Ellesmere/Stanlow
5071,41227,Ellesmere
5072,41227,Stanlow
5073,41227,Ellesmere/Stanlow
5074,41231,Erith
5075,41231,Erith
5076,41249,Land's End
5077,41249,Land's End
5078,41251,Liverpool
5079,41251,Liverpool
5080,41253,Acton Grange
5081,41253,Manchester
5082,41253,Salford
5083,41253,Acton Grange/Manchester/Salford
5084,41253,Acton Grange
5085,41253,Manchester
5086,41253,Salford
5087,41253,Acton Grange/Manchester/Salford
5088,41258,Newport
5089,41258,Newport
5090,41262,Portbury
5091,41262,Portbury
5092,41264,Preston
5093,41264,Preston
5094,41269,Seaforth
5095,41269,Seaforth
5096,41299,All Other England West Coast Ports
5097,41299,Barrow in Furness
5098,41299,Bideford
5099,41299,Fleetwood
5100,41299,Garston
5101,41299,Gloucester
5102,41299,Runcorn
5103,41299,Sharpness
5104,41299,Silloth
5105,41299,Workington
5106,41299,All Other England West Coast Ports
5107,41299,Barrow in Furness
5108,41299,Bideford
5109,41299,Fleetwood
5110,41299,Garston
5111,41299,Gloucester
5112,41299,Runcorn
5113,41299,Sharpness
5114,41299,Silloth
5115,41299,Workington
5116,41320,Dagenham
5117,41320,Dagenham
5118,41323,Felixstowe
5119,41323,Felixstowe
5120,41328,Falmouth
5121,41328,Falmouth
5122,41329,Fawley
5123,41329,Fawley
5124,41332,Fowey
5125,41332,Fowey
5126,41335,Goole
5127,41335,Goole
5128,41336,Greenhite
5129,41336,Greenhithe
5130,41336,Greenhite/Greenhithe
5131,41336,Greenhite
5132,41336,Greenhithe
5133,41336,Greenhite/Greenhithe
5134,41337,Dover
5135,41337,Dover
5136,41338,Hartlepool
5137,41338,Hartlepool
5138,41341,Hull
5139,41341,Hull
5140,41342,Immingham
5141,41342,Immingham
5142,41343,Kings North
5143,41343,Kingsnorth
5144,41343,Kings North/Kingsnorth
5145,41343,Kings North
5146,41343,Kingsnorth
5147,41343,Kings North/Kingsnorth
5148,41345,Killingholme
5149,41345,Killingholme
5150,41351,Thamesport
5151,41351,Thamesport
5152,41352,Coryton
5153,41352,London
5154,41352,Coryton/London
5155,41352,Coryton
5156,41352,London
5157,41352,Coryton/London
5158,41355,Middlesbrough
5159,41355,Middlesbrough
5160,41356,Newcastle on Tyne
5161,41356,Newcastle on Tyne
5162,41357,Newhaven
5163,41357,Newhaven
5164,41358,Oakham Ness
5165,41358,Oakham Ness
5166,41359,Berwick
5167,41359,Berwick upon Tweed
5168,41359,Berwick/Berwick upon Tweed
5169,41359,Berwick
5170,41359,Berwick upon Tweed
5171,41359,Berwick/Berwick upon Tweed
5172,41360,Plymouth
5173,41360,Plymouth
5174,41362,Redcar
5175,41362,Redcar
5176,41370,Ridham Dock
5177,41370,Sheerness
5178,41370,Ridham Dock/Sheerness
5179,41370,Ridham Dock
5180,41370,Sheerness
5181,41370,Ridham Dock/Sheerness
5182,41371,Shellhaven
5183,41371,Shellhaven
5184,41374,Hamble
5185,41374,Southhampton
5186,41374,Hamble/Southhampton
5187,41374,Hamble
5188,41374,Southhampton
5189,41374,Hamble/Southhampton
5190,41376,Sunderland
5191,41376,Sunderland
5192,41377,North Tees
5193,41377,Seal Sands
5194,41377,Tees
5195,41377,Teesport
5196,41377,North Tees/Seal Sands/Tees/Teesport
5197,41377,North Tees
5198,41377,Seal Sands
5199,41377,Tees
5200,41377,Teesport
5201,41377,North Tees/Seal Sands/Tees/Teesport
5202,41378,Thames Haven
5203,41378,Thames Haven
5204,41380,Tilbury
5205,41380,Tilbury
5206,41398,All Other England South and East Coast Ports
5207,41398,Barton
5208,41398,Blyth
5209,41398,Boston
5210,41398,Brixham
5211,41398,Canvey
5212,41398,Canvey Island
5213,41398,Chatham
5214,41398,Dartmouth
5215,41398,Devonport
5216,41398,Gravesend
5217,41398,Great Yarmouth
5218,41398,Greenwich
5219,41398,Grimsby
5220,41398,Harwich
5221,41398,Ipswich
5222,41398,Jarrow
5223,41398,King's Lynn
5224,41398,Littlehampton
5225,41398,Lowestoft
5226,41398,Mistley
5227,41398,North & South Shields
5228,41398,Penzance
5229,41398,Poole
5230,41398,Portland
5231,41398,Portsmouth
5232,41398,Purfleet
5233,41398,Rochester
5234,41398,Salt End
5235,41398,Shields
5236,41398,Shields Harbor
5237,41398,Stockton
5238,41398,Sutton Harbor
5239,41398,Teignmouth
5240,41398,Teignmouth Harbor
5241,41398,Truro
5242,41398,Tynemouth
5243,41398,Wallsend
5244,41398,Weymouth
5245,41398,Wisbech
5246,41398,Yarmouth
5247,41398,Yarmouth Harbor
5248,41398,All Other England South and East Coast Ports
5249,41398,Barton
5250,41398,Blyth
5251,41398,Boston
5252,41398,Brixham
5253,41398,Canvey
5254,41398,Canvey Island
5255,41398,Chatham
5256,41398,Dartmouth
5257,41398,Devonport
5258,41398,Gravesend
5259,41398,Great Yarmouth
5260,41398,Greenwich
5261,41398,Grimsby
5262,41398,Harwich
5263,41398,Ipswich
5264,41398,Jarrow
5265,41398,King's Lynn
5266,41398,Littlehampton
5267,41398,Lowestoft
5268,41398,Mistley
5269,41398,North & South Shields
5270,41398,Penzance
5271,41398,Poole
5272,41398,Portland
5273,41398,Portsmouth
5274,41398,Purfleet
5275,41398,Rochester
5276,41398,Salt End
5277,41398,Shields
5278,41398,Shields Harbor
5279,41398,Stockton
5280,41398,Sutton Harbor
5281,41398,Teignmouth
5282,41398,Teignmouth Harbor
5283,41398,Truro
5284,41398,Tynemouth
5285,41398,Wallsend
5286,41398,Weymouth
5287,41398,Wisbech
5288,41398,Yarmouth
5289,41398,Yarmouth Harbor
5290,41400,All Other Wales Ports
5291,41400,Bellport
5292,41400,Llanelli
5293,41400,Llanelly
5294,41400,Penarth
5295,41400,All Other Wales Ports
5296,41400,Bellport
5297,41400,Llanelli
5298,41400,Llanelly
5299,41400,Penarth
5300,41401,Barri
5301,41401,Barry
5302,41401,Barri/Barry
5303,41401,Barri
5304,41401,Barry
5305,41401,Barri/Barry
5306,41415,Holyhead
5307,41415,Holyhead
5308,41446,Milford Haven
5309,41446,Milford Haven
5310,41465,Pembroke
5311,41465,Pembroke
5312,41477,Port Talbot
5313,41477,Port Talbot
5314,41485,Swansea
5315,41485,Swansea
5316,41486,Neath
5317,41486,Neath
5318,41487,Cardiff
5319,41487,Cardiff
5320,41488,Newport
5321,41488,Newport
5322,41600,All Other Scotland West Coast Ports
5323,41600,Ardrossan
5324,41600,Ayr
5325,41600,Bowling
5326,41600,Dumbarton
5327,41600,Faslane
5328,41600,Fort William
5329,41600,Gare Lock
5330,41600,Gareloch
5331,41600,Garelochhead
5332,41600,Gourock
5333,41600,Old Kilpatrick
5334,41600,Troon
5335,41600,All Other Scotland West Coast Ports
5336,41600,Ardrossan
5337,41600,Ayr
5338,41600,Bowling
5339,41600,Dumbarton
5340,41600,Faslane
5341,41600,Fort William
5342,41600,Gare Lock
5343,41600,Gareloch
5344,41600,Garelochhead
5345,41600,Gourock
5346,41600,Old Kilpatrick
5347,41600,Troon
5348,41615,Clyde
5349,41615,Clyde
5350,41623,Glasgow
5351,41623,Glasgow
5352,41625,Greenock
5353,41625,Greenock
5354,41627,Hunterston
5355,41627,Hunterston
5356,41630,Irvine
5357,41630,Irvine Harbor
5358,41630,Irvine/Irvine Harbor
5359,41630,Irvine
5360,41630,Irvine Harbor
5361,41630,Irvine/Irvine Harbor
5362,41640,Peterhead
5363,41640,Peterhead
5364,41650,Aberdeen
5365,41650,Aberdeen
5366,41659,Dundee
5367,41659,Dundee
5368,41665,Grangemouth
5369,41665,Grangemouth
5370,41668,Hound Point
5371,41668,Houndpoint
5372,41668,Hound Point/Houndpoint
5373,41668,Hound Point
5374,41668,Houndpoint
5375,41668,Hound Point/Houndpoint
5376,41674,Inverkip
5377,41674,Inverkip
5378,41675,Edinburg
5379,41675,Edinburgh
5380,41675,Leith
5381,41675,Edinburg/Edinburgh/Leith
5382,41675,Edinburg
5383,41675,Edinburgh
5384,41675,Leith
5385,41675,Edinburg/Edinburgh/Leith
5386,41680,Flotta
5387,41680,"Flotta, Scotland"
5388,41680,"Flotta/Flotta, Scotland"
5389,41680,Flotta
5390,41680,"Flotta, Scotland"
5391,41680,"Flotta/Flotta, Scotland"
5392,41681,Montrose
5393,41681,Montrose
5394,41682,Sullom Voe
5395,41682,Sullom Voe
5396,41683,Inverness
5397,41683,Inverness
5398,41684,Braefoot Bay
5399,41684,Braefoot Bay
5400,41685,Nigg Bay
5401,41685,Nigg Bay
5402,41698,All Other Scotland East Coast Ports
5403,41698,Burntisland
5404,41698,Finnart oil terminal
5405,41698,Firth of Forth
5406,41698,Fraserburgh
5407,41698,Granton
5408,41698,Invergordon
5409,41698,Inverkeithing
5410,41698,"Kirkwall, Orkney Is"
5411,41698,"Lyness, Orkney Is"
5412,41698,Methil
5413,41698,Perth
5414,41698,Rosyth
5415,41698,"Scalloway, Shetland Is"
5416,41698,All Other Scotland East Coast Ports
5417,41698,Burntisland
5418,41698,Finnart oil terminal
5419,41698,Firth of Forth
5420,41698,Fraserburgh
5421,41698,Granton
5422,41698,Invergordon
5423,41698,Inverkeithing
5424,41698,"Kirkwall, Orkney Is"
5425,41698,"Lyness, Orkney Is"
5426,41698,Methil
5427,41698,Perth
5428,41698,Rosyth
5429,41698,"Scalloway, Shetland Is"
5430,41800,All Other Northern Ireland Ports
5431,41800,Larne
5432,41800,All Other Northern Ireland Ports
5433,41800,Larne
5434,41801,Belfast
5435,41801,Belfast
5436,41802,Bangor
5437,41802,Bangor
5438,41805,Warren Point
5439,41805,Warrenpoint
5440,41805,Warren Point/Warrenpoint
5441,41805,Warren Point
5442,41805,Warrenpoint
5443,41805,Warren Point/Warrenpoint
5444,41815,Londonderry
5445,41815,Londonderry
5446,41900,All Other Ireland Ports
5447,41900,Castletown
5448,41900,Dingle
5449,41900,Fenit
5450,41900,Galway
5451,41900,Moville
5452,41900,New Ross
5453,41900,Queenstown
5454,41900,Rosslare
5455,41900,Sligo
5456,41900,Tralee
5457,41900,Valencia Harvor
5458,41900,All Other Ireland Ports
5459,41900,Castletown
5460,41900,Dingle
5461,41900,Fenit
5462,41900,Galway
5463,41900,Moville
5464,41900,New Ross
5465,41900,Queenstown
5466,41900,Rosslare
5467,41900,Sligo
5468,41900,Tralee
5469,41900,Valencia Harvor
5470,41904,Limerick
5471,41904,Limerick
5472,41905,Cobh
5473,41905,Cork
5474,41905,Ringaskiddy
5475,41905,Cobh/Cork/Ringaskiddy
5476,41905,Cobh
5477,41905,Cork
5478,41905,Ringaskiddy
5479,41905,Cobh/Cork/Ringaskiddy
5480,41906,Aughinish
5481,41906,Aughinish
5482,41910,Waterford
5483,41910,Waterford
5484,41911,Dublin
5485,41911,Dublin
5486,41913,Foynes
5487,41913,Foynes
5488,41915,Money Point
5489,41915,Moneypoint
5490,41915,Money Point/Moneypoint
5491,41915,Money Point
5492,41915,Moneypoint
5493,41915,Money Point/Moneypoint
5494,41916,Arklow
5495,41916,Arklow
5496,41919,Drogheda
5497,41919,Drogheda
5498,41920,Tarbert
5499,41920,Tarbert Island
5500,41920,Tarbert/Tarbert Island
5501,41920,Tarbert
5502,41920,Tarbert Island
5503,41920,Tarbert/Tarbert Island
5504,41921,Dundalk
5505,41921,Dundalk
5506,41922,Greenore
5507,41922,Greenore
5508,42100,All Other Netherlands Ports
5509,42100,Capelle
5510,42100,Capelle aan den Ijssel
5511,42100,Den Helder
5512,42100,Groningen
5513,42100,Haarlem
5514,42100,Haren
5515,42100,Harlingen
5516,42100,Helder
5517,42100,Hook of Holland
5518,42100,Middelburg
5519,42100,Middleburg
5520,42100,Sas Van Gent
5521,42100,Sasvanghent
5522,42100,Schiedam
5523,42100,Zaandam
5524,42100,All Other Netherlands Ports
5525,42100,Capelle
5526,42100,Capelle aan den Ijssel
5527,42100,Den Helder
5528,42100,Groningen
5529,42100,Haarlem
5530,42100,Haren
5531,42100,Harlingen
5532,42100,Helder
5533,42100,Hook of Holland
5534,42100,Middelburg
5535,42100,Middleburg
5536,42100,Sas Van Gent
5537,42100,Sasvanghent
5538,42100,Schiedam
5539,42100,Zaandam
5540,42103,Alphen aan den Rijn
5541,42103,Alphen aan den Rijn
5542,42105,Amsterdam
5543,42105,Amsterdam
5544,42115,Botlek
5545,42115,Botlek
5546,42116,Delfzijl
5547,42116,Delfzyl
5548,42116,Delfzijl/Delfzyl
5549,42116,Delfzijl
5550,42116,Delfzyl
5551,42116,Delfzijl/Delfzyl
5552,42117,Dordrecht
5553,42117,Dordrecht
5554,42118,Europoort
5555,42118,Europoort
5556,42119,Moerdjik
5557,42119,Moerdjik
5558,42123,Gravenhage
5559,42123,sGravenhage
5560,42123,The Hague
5561,42123,Gravenhage/sGravenhage/The Hague
5562,42123,Gravenhage
5563,42123,sGravenhage
5564,42123,The Hague
5565,42123,Gravenhage/sGravenhage/The Hague
5566,42132,Eemshaven
5567,42132,Eemshaven
5568,42140,Mardejk
5569,42140,Mardejk
5570,42151,Pernis
5571,42151,Pernis
5572,42157,Rotterdam
5573,42157,Rotterdam
5574,42165,Sluiskil
5575,42165,Sluiskill
5576,42165,Sluiskil/Sluiskill
5577,42165,Sluiskil
5578,42165,Sluiskill
5579,42165,Sluiskil/Sluiskill
5580,42171,Terneuzen
5581,42171,Terneuzen
5582,42181,Vlaardingen
5583,42181,Vlaardingen
5584,42185,Flushing
5585,42185,Vlissingen
5586,42185,Flushing/Vlissingen
5587,42185,Flushing
5588,42185,Vlissingen
5589,42185,Flushing/Vlissingen
5590,42190,Ijmuiden
5591,42190,Velsen
5592,42190,Ymuiden
5593,42190,Ijmuiden/Velsen/Ymuiden
5594,42190,Ijmuiden
5595,42190,Velsen
5596,42190,Ymuiden
5597,42190,Ijmuiden/Velsen/Ymuiden
5598,42300,All Other Belgium Ports
5599,42300,Ertvelde
5600,42300,Haren
5601,42300,Humbeek
5602,42300,Rieme
5603,42300,Selzaete
5604,42300,Terdonck Cluysen
5605,42300,Terdouk
5606,42300,Vilvoorde
5607,42300,Vilvorde
5608,42300,Zelzate
5609,42300,Zwijndrecht
5610,42300,Zwyndrecht
5611,42300,All Other Belgium Ports
5612,42300,Ertvelde
5613,42300,Haren
5614,42300,Humbeek
5615,42300,Rieme
5616,42300,Selzaete
5617,42300,Terdonck Cluysen
5618,42300,Terdouk
5619,42300,Vilvoorde
5620,42300,Vilvorde
5621,42300,Zelzate
5622,42300,Zwijndrecht
5623,42300,Zwyndrecht
5624,42305,Antwerp
5625,42305,Anvers
5626,42305,Antwerp/Anvers
5627,42305,Antwerp
5628,42305,Anvers
5629,42305,Antwerp/Anvers
5630,42306,Schelde
5631,42306,Schelde Terminal
5632,42306,Schelde/Schelde Terminal
5633,42306,Schelde
5634,42306,Schelde Terminal
5635,42306,Schelde/Schelde Terminal
5636,42311,Bruges
5637,42311,Brugge
5638,42311,Bruges/Brugge
5639,42311,Bruges
5640,42311,Brugge
5641,42311,Bruges/Brugge
5642,42315,Brussels
5643,42315,Bruxelles
5644,42315,Brussels/Bruxelles
5645,42315,Brussels
5646,42315,Bruxelles
5647,42315,Brussels/Bruxelles
5648,42331,Gand
5649,42331,Gent
5650,42331,Ghent
5651,42331,Gand/Gent/Ghent
5652,42331,Gand
5653,42331,Gent
5654,42331,Ghent
5655,42331,Gand/Gent/Ghent
5656,42351,Ostend
5657,42351,Ostend
5658,42381,Zeebrugge
5659,42381,Zeebrugge
5660,42385,Hemiksem
5661,42385,Himixen
5662,42385,Hemiksem/Himixen
5663,42385,Hemiksem
5664,42385,Himixen
5665,42385,Hemiksem/Himixen
5666,42700,All Other France Atlantic Region Ports
5667,42700,Arcachon
5668,42700,Deauville
5669,42700,Duclair
5670,42700,Fecamp
5671,42700,Honfleur
5672,42700,La Mailleraye
5673,42700,Le Petit Quevilly
5674,42700,Le Trait (River Seine)
5675,42700,Le Treport
5676,42700,Mailleraye
5677,42700,Morlaix
5678,42700,Petit Couronne
5679,42700,Petit Quevilly
5680,42700,Rouen Quevilly
5681,42700,Saint Malo
5682,42700,St. Malo
5683,42700,Tonnay Charente
5684,42700,Villequier
5685,42700,All Other France Atlantic Region Ports
5686,42700,Arcachon
5687,42700,Deauville
5688,42700,Duclair
5689,42700,Fecamp
5690,42700,Honfleur
5691,42700,La Mailleraye
5692,42700,Le Petit Quevilly
5693,42700,Le Trait (River Seine)
5694,42700,Le Treport
5695,42700,Mailleraye
5696,42700,Morlaix
5697,42700,Petit Couronne
5698,42700,Petit Quevilly
5699,42700,Rouen Quevilly
5700,42700,Saint Malo
5701,42700,St. Malo
5702,42700,Tonnay Charente
5703,42700,Villequier
5704,42701,Bassens
5705,42701,Bassens
5706,42702,Bayonne
5707,42702,Bayonne
5708,42703,Ambes
5709,42703,Bec d' Ambes
5710,42703,Bec Dambes
5711,42703,Ambes/Bec d' Ambes/Bec Dambes
5712,42703,Ambes
5713,42703,Bec d' Ambes
5714,42703,Bec Dambes
5715,42703,Ambes/Bec d' Ambes/Bec Dambes
5716,42705,Blaye
5717,42705,Blaye
5718,42707,Bordeaux
5719,42707,Bordeaux
5720,42708,Boulogne
5721,42708,Boulogne
5722,42709,Brest
5723,42709,Brest
5724,42711,Caen
5725,42711,Caen
5726,42713,Calais
5727,42713,Calais
5728,42715,Cherbourg
5729,42715,Cherbourg
5730,42723,Donges
5731,42723,Donges
5732,42727,Dunkerque
5733,42727,Dunkirk
5734,42727,Dunkerque/Dunkirk
5735,42727,Dunkerque
5736,42727,Dunkirk
5737,42727,Dunkerque/Dunkirk
5738,42733,La Pallice
5739,42733,La Pallice
5740,42735,Boucau
5741,42735,Le Boucau
5742,42735,Boucau/Le Boucau
5743,42735,Boucau
5744,42735,Le Boucau
5745,42735,Boucau/Le Boucau
5746,42736,Dieppe
5747,42736,Dieppe
5748,42737,Le Havre
5749,42737,Le Havre
5750,42742,Le Verdon
5751,42742,Verdon
5752,42742,Le Verdon/Verdon
5753,42742,Le Verdon
5754,42742,Verdon
5755,42742,Le Verdon/Verdon
5756,42743,Lorient
5757,42743,Lorient
5758,42745,Montoir
5759,42745,Montoir
5760,42749,Nantes
5761,42749,Nantes
5762,42751,Pauillac
5763,42751,Pauillac
5764,42754,Radicatel
5765,42754,Radicatel
5766,42755,Port Jerome
5767,42755,Port Jerome
5768,42757,Rochefort
5769,42757,Rochefort
5770,42759,Rouen
5771,42759,Rouen
5772,42762,Saint Nazaire
5773,42762,St. Nazaire
5774,42762,Saint Nazaire/St. Nazaire
5775,42762,Saint Nazaire
5776,42762,St. Nazaire
5777,42762,Saint Nazaire/St. Nazaire
5778,42773,Berre
5779,42773,Etang de Berre
5780,42773,Berre/Etang de Berre
5781,42773,Berre
5782,42773,Etang de Berre
5783,42773,Berre/Etang de Berre
5784,42775,Cannes
5785,42775,Cannes
5786,42776,Fos
5787,42776,FOS Sur Mer
5788,42776,Fos/FOS Sur Mer
5789,42776,Fos
5790,42776,FOS Sur Mer
5791,42776,Fos/FOS Sur Mer
5792,42780,Lavera
5793,42780,L'Avera
5794,42780,Lavera/L'Avera
5795,42780,Lavera
5796,42780,L'Avera
5797,42780,Lavera/L'Avera
5798,42782,Marseille
5799,42782,Marseille
5800,42784,Caronte
5801,42784,Port de Bouc
5802,42784,Caronte/Port de Bouc
5803,42784,Caronte
5804,42784,Port de Bouc
5805,42784,Caronte/Port de Bouc
5806,42785,Port Saint Louis
5807,42785,St. Louis du Rhon
5808,42785,Port Saint Louis/St. Louis du Rhon
5809,42785,Port Saint Louis
5810,42785,St. Louis du Rhon
5811,42785,Port Saint Louis/St. Louis du Rhon
5812,42786,Nice
5813,42786,Nice
5814,42789,Sete
5815,42789,Sete
5816,42790,Toulon
5817,42790,Toulon
5818,42796,Ajaccio
5819,42796,All Corsica Ports
5820,42796,Bastia
5821,42796,Corsica
5822,42796,Porto Vecchio
5823,42796,Ajaccio
5824,42796,All Corsica Ports
5825,42796,Bastia
5826,42796,Corsica
5827,42796,Porto Vecchio
5828,42797,Monte Carlo
5829,42797,Monte Carlo
5830,42799,All Other France Mediterranean Region Ports
5831,42799,Balaruc
5832,42799,Balaruc les Bains
5833,42799,La Nouvelle
5834,42799,La Seyne
5835,42799,La Seyne sur Mer
5836,42799,Port La Nouvelle
5837,42799,Port Vendres
5838,42799,Saint Raphael
5839,42799,St. Raphael
5840,42799,Villefranche
5841,42799,All Other France Mediterranean Region Ports
5842,42799,Balaruc
5843,42799,Balaruc les Bains
5844,42799,La Nouvelle
5845,42799,La Seyne
5846,42799,La Seyne sur Mer
5847,42799,Port La Nouvelle
5848,42799,Port Vendres
5849,42799,Saint Raphael
5850,42799,St. Raphael
5851,42799,Villefranche
5852,42800,All Other Germany Baltic Region Ports
5853,42800,Flensburg
5854,42800,Herrenwyck
5855,42800,Stralsund
5856,42800,All Other Germany Baltic Region Ports
5857,42800,Flensburg
5858,42800,Herrenwyck
5859,42800,Stralsund
5860,42811,Rostock
5861,42811,Rostock
5862,42825,Holtenau
5863,42825,Kiel
5864,42825,Holtenau/Kiel
5865,42825,Holtenau
5866,42825,Kiel
5867,42825,Holtenau/Kiel
5868,42835,Wismar
5869,42835,Wismar
5870,42867,Brake
5871,42867,Brake
5872,42868,Elsfleth
5873,42868,Elsfleth
5874,42869,Bremen
5875,42869,Bremen
5876,42870,Bremerhaven
5877,42870,Bremerhaven
5878,42871,Brunsbuttel
5879,42871,Brunsbuttel
5880,42873,Cuxhaven
5881,42873,Cuxhaven
5882,42874,Einswarden
5883,42874,Einswarden
5884,42875,Emden
5885,42875,Emden
5886,42879,Hamburg
5887,42879,Stade
5888,42879,Stadersand
5889,42879,Hamburg/Stade/Stadersand
5890,42879,Hamburg
5891,42879,Stade
5892,42879,Stadersand
5893,42879,Hamburg/Stade/Stadersand
5894,42880,Butzfleth
5895,42880,Butzfleth
5896,42881,Harburg
5897,42881,Harburg
5898,42883,Nordenham
5899,42883,Nordenham
5900,42891,Wilhelmshaven
5901,42891,Wilhelmshaven
5902,42899,All Other Germany Atlantic Region Ports
5903,42899,Altona
5904,42899,Blexen
5905,42899,Blumenthal
5906,42899,Mainz
5907,42899,Ostermoor
5908,42899,Rendsburg
5909,42899,Vegesach
5910,42899,Vegesack
5911,42899,All Other Germany Atlantic Region Ports
5912,42899,Altona
5913,42899,Blexen
5914,42899,Blumenthal
5915,42899,Mainz
5916,42899,Ostermoor
5917,42899,Rendsburg
5918,42899,Vegesach
5919,42899,Vegesack
5920,44700,All Other Estonia Ports
5921,44700,All Other Estonia Ports
5922,44701,Tallinn
5923,44701,Tallinn
5924,44702,Muuga
5925,44702,Muuga
5926,44900,All Other Latvia Ports
5927,44900,All Other Latvia Ports
5928,44911,Riga
5929,44911,Riga
5930,44951,Ventspils
5931,44951,Vindau
5932,44951,Vindava
5933,44951,Ventspils/Vindau/Vindava
5934,44951,Ventspils
5935,44951,Vindau
5936,44951,Vindava
5937,44951,Ventspils/Vindau/Vindava
5938,45100,All Other Lithuania Ports
5939,45100,All Other Lithuania Ports
5940,45101,Klaipeda
5941,45101,Memel
5942,45101,Klaipeda/Memel
5943,45101,Klaipeda
5944,45101,Memel
5945,45101,Klaipeda/Memel
5946,45500,All Other Poland Ports
5947,45500,Neufahrwasser
5948,45500,Nowy Port
5949,45500,All Other Poland Ports
5950,45500,Neufahrwasser
5951,45500,Nowy Port
5952,45505,Gdynia
5953,45505,Gdynia
5954,45507,Stettin
5955,45507,Szczecin
5956,45507,Stettin/Szczecin
5957,45507,Stettin
5958,45507,Szczecin
5959,45507,Stettin/Szczecin
5960,45511,Danzig
5961,45511,Gdansk
5962,45511,Danzig/Gdansk
5963,45511,Danzig
5964,45511,Gdansk
5965,45511,Danzig/Gdansk
5966,45512,Swinemunde
5967,45512,Swinoujscie
5968,45512,Swinemunde/Swinoujscie
5969,45512,Swinemunde
5970,45512,Swinoujscie
5971,45512,Swinemunde/Swinoujscie
5972,45513,Police
5973,45513,Police
5974,46200,All Other Russia Siberia Region Ports
5975,46200,Archangel
5976,46200,Arkhangelsk
5977,46200,Molotovsk
5978,46200,Severodvinsk
5979,46200,All Other Russia Siberia Region Ports
5980,46200,Archangel
5981,46200,Arkhangelsk
5982,46200,Molotovsk
5983,46200,Severodvinsk
5984,46208,Yandraknnot
5985,46208,Yandraknnot
5986,46209,Murmansk
5987,46209,Murmansk
5988,46213,Kaliningrad
5989,46213,Konigsberg
5990,46213,Kaliningrad/Konigsberg
5991,46213,Kaliningrad
5992,46213,Konigsberg
5993,46213,Kaliningrad/Konigsberg
5994,46215,Leningrad
5995,46215,St. Petersburg
5996,46215,Leningrad/St. Petersburg
5997,46215,Leningrad
5998,46215,St. Petersburg
5999,46215,Leningrad/St. Petersburg
6000,46220,All Other Russia Baltic Region Ports
6001,46220,Kovisto
6002,46220,Primorsk
6003,46220,Viborg
6004,46220,Viipuri
6005,46220,Vyborg
6006,46220,All Other Russia Baltic Region Ports
6007,46220,Kovisto
6008,46220,Primorsk
6009,46220,Viborg
6010,46220,Viipuri
6011,46220,Vyborg
6012,46222,Lorino
6013,46222,Lorino
6014,46230,Nakhodka
6015,46230,Nakhodka
6016,46231,Vostochnyy
6017,46231,Vostochnyy
6018,46232,Magadan
6019,46232,Magadansky
6020,46232,Magadan/Magadansky
6021,46232,Magadan
6022,46232,Magadansky
6023,46232,Magadan/Magadansky
6024,46233,Petropavlovsk
6025,46233,Petropavlovsk
6026,46234,Vanino
6027,46234,Vanino
6028,46236,Korsakov
6029,46236,Korsakov
6030,46237,Provideniya
6031,46237,Provideniya
6032,46238,Vladivostok
6033,46238,Vladivostok
6034,46239,Aleksandrovski
6035,46239,Alexandrovsk
6036,46239,All Other Russia Eastern Region Ports
6037,46239,Ambarchik
6038,46239,Anadyr
6039,46239,Arkovo Bereg
6040,46239,Kamchatka
6041,46239,Kolyma River
6042,46239,Nagayeva
6043,46239,Nikolayevsk‑Na‑Amur
6044,46239,Nogayevo
6045,46239,North Cape
6046,46239,Okha
6047,46239,Petropavlovsk-Kamchatskiy
6048,46239,Pevek
6049,46239,Sovetskaya Gavan
6050,46239,Tiksi
6051,46239,Aleksandrovski
6052,46239,Alexandrovsk
6053,46239,All Other Russia Eastern Region Ports
6054,46239,Ambarchik
6055,46239,Anadyr
6056,46239,Arkovo Bereg
6057,46239,Kamchatka
6058,46239,Kolyma River
6059,46239,Nagayeva
6060,46239,Nikolayevsk-Na-Amur
6061,46239,Nogayevo
6062,46239,North Cape
6063,46239,Okha
6064,46239,Petropavlovsk-Kamchatskiy
6065,46239,Pevek
6066,46239,Sovetskaya Gavan
6067,46239,Tiksi
6068,46241,Novorossiysk
6069,46241,Novorossiysk
6070,46242,Taganrog
6071,46242,Taganrog
6072,46245,Tuapse
6073,46245,Tuapse
6074,46250,All Other Russia Black Sea Region Ports
6075,46250,Bukhta Severnaya
6076,46250,All Other Russia Black Sea Region Ports
6077,46250,Bukhta Severnaya
6078,46271,Ilichevsk
6079,46271,Ilyichevsk
6080,46271,Ilichevsk/Ilyichevsk
6081,46271,Ilichevsk
6082,46271,Ilyichevsk
6083,46271,Ilichevsk/Ilyichevsk
6084,46272,Ust-Dunaisk
6085,46272,Ust-Dunaysk
6086,46272,Ust-Dunaisk/Ust-Dunaysk
6087,46272,Ust-Dunaisk
6088,46272,Ust-Dunaysk
6089,46272,Ust-Dunaisk/Ust-Dunaysk
6090,46274,Kerch
6091,46274,Kertch
6092,46274,Kerch/Kertch
6093,46274,Kerch
6094,46274,Kertch
6095,46274,Kerch/Kertch
6096,46275,Juzhny
6097,46275,Odessa
6098,46275,Yuzhnyy
6099,46275,Juzhny/Odessa/Yuzhnyy
6100,46275,Juzhny
6101,46275,Odessa
6102,46275,Yuzhnyy
6103,46275,Juzhny/Odessa/Yuzhnyy
6104,46276,Mariupol
6105,46276,Zhdanov
6106,46276,Mariupol/Zhdanov
6107,46276,Mariupol
6108,46276,Zhdanov
6109,46276,Mariupol/Zhdanov
6110,46277,Belgrod‑Dnestrovskiy
6111,46277,Dnestrovskiy
6112,46277,Belgrod‑Dnestrovskiy/Dnestrovskiy
6113,46277,Belgrod-Dnestrovskiy
6114,46277,Dnestrovskiy
6115,46277,Belgrod-Dnestrovskiy/Dnestrovskiy
6116,46278,Berdyansk
6117,46278,Berdyansk
6118,46279,All Other Ukraine Ports
6119,46279,Feodosia
6120,46279,Feodosiya
6121,46279,Nikolayev
6122,46279,Reni
6123,46279,Sevastopol
6124,46279,Yalta
6125,46279,All Other Ukraine Ports
6126,46279,Feodosia
6127,46279,Feodosiya
6128,46279,Nikolayev
6129,46279,Reni
6130,46279,Sevastopol
6131,46279,Yalta
6132,46321,Batumi
6133,46321,Batumiyskava Bukhta
6134,46321,Batumi/Batumiyskava Bukhta
6135,46321,Batumi
6136,46321,Batumiyskava Bukhta
6137,46321,Batumi/Batumiyskava Bukhta
6138,46337,Poti
6139,46337,Poti
6140,46350,Sukhumi
6141,46350,Sukhumi
6142,46357,All Other Georgia Ports
6143,46357,All Other Georgia Ports
6144,47000,All Other Spain Atlantic Region Ports North of Portugal
6145,47000,Cape Finisterre
6146,47000,Cillero
6147,47000,Corcubion
6148,47000,Marin
6149,47000,Ribadesella
6150,47000,San Sebastian
6151,47000,Villagarcia
6152,47000,Villagarcia de Arosa
6153,47000,All Other Spain Atlantic Region Ports North of Portugal
6154,47000,Cape Finisterre
6155,47000,Cillero
6156,47000,Corcubion
6157,47000,Marin
6158,47000,Ribadesella
6159,47000,San Sebastian
6160,47000,Villagarcia
6161,47000,Villagarcia de Arosa
6162,47003,Aviles
6163,47003,San Juan de Nieva
6164,47003,Aviles/San Juan de Nieva
6165,47003,Aviles
6166,47003,San Juan de Nieva
6167,47003,Aviles/San Juan de Nieva
6168,47005,Bilbao
6169,47005,Bilbao
6170,47013,Santander
6171,47013,Santander
6172,47017,Gijon
6173,47017,Mosel
6174,47017,Gijon/Mosel
6175,47017,Gijon
6176,47017,Mosel
6177,47017,Gijon/Mosel
6178,47021,Corunna
6179,47021,La Coruna
6180,47021,Corunna/La Coruna
6181,47021,Corunna
6182,47021,La Coruna
6183,47021,Corunna/La Coruna
6184,47022,El Ferrol
6185,47022,El Ferrol del Caudillo
6186,47022,Ferrol
6187,47022,El Ferrol/El Ferrol del Caudillo/Ferrol
6188,47022,El Ferrol
6189,47022,El Ferrol del Caudillo
6190,47022,Ferrol
6191,47022,El Ferrol/El Ferrol del Caudillo/Ferrol
6192,47027,Pasages
6193,47027,Pasajes
6194,47027,Pasages/Pasajes
6195,47027,Pasages
6196,47027,Pasajes
6197,47027,Pasages/Pasajes
6198,47029,Vigo
6199,47029,Vigo
6200,47031,Algeciras
6201,47031,Algeciras
6202,47032,Tarifa
6203,47032,Tarifa
6204,47035,Cadiz
6205,47035,Cadiz
6206,47036,San Ciprian
6207,47036,San Ciprian
6208,47039,Sevilla
6209,47039,Seville
6210,47039,Sevilla/Seville
6211,47039,Sevilla
6212,47039,Seville
6213,47039,Sevilla/Seville
6214,47044,Huelva
6215,47044,Huelva
6216,47049,All Other Spain Atlantic Region Ports Southeast of Portugal
6217,47049,Port Santa Maria
6218,47049,Puerto de Santa Maria
6219,47049,Rota
6220,47049,All Other Spain Atlantic Region Ports Southeast of Portugal
6221,47049,Port Santa Maria
6222,47049,Puerto de Santa Maria
6223,47049,Rota
6224,47051,Alcanar
6225,47051,Alcanar
6226,47057,Alicante
6227,47057,Alicante
6228,47059,Almeria
6229,47059,Almeria
6230,47061,Barcelona
6231,47061,Barcelona
6232,47062,Carboneras
6233,47062,Carboneras
6234,47063,Cartagena
6235,47063,Escombreras
6236,47063,Cartagena/Escombreras
6237,47063,Cartagena
6238,47063,Escombreras
6239,47063,Cartagena/Escombreras
6240,47065,Palamos
6241,47065,Palamos
6242,47066,Majorca
6243,47066,Palma de Majorca
6244,47066,Majorca/Palma de Majorca
6245,47066,Majorca
6246,47066,Palma de Majorca
6247,47066,Majorca/Palma de Majorca
6248,47067,Ibiza
6249,47067,Ibiza
6250,47068,Castellon
6251,47068,Castellon de la Plana
6252,47068,Castellon/Castellon de la Plana
6253,47068,Castellon
6254,47068,Castellon de la Plana
6255,47068,Castellon/Castellon de la Plana
6256,47070,All Other Canary Islands Ports
6257,47070,Arguinequin
6258,47070,Arrecife
6259,47070,La Salineta
6260,47070,Puerto Del Rosario
6261,47070,All Other Canary Islands Ports
6262,47070,Arguinequin
6263,47070,Arrecife
6264,47070,La Salineta
6265,47070,Puerto Del Rosario
6266,47071,Las Palmas
6267,47071,Puerto de la Luz
6268,47071,Las Palmas/Puerto de la Luz
6269,47071,Las Palmas
6270,47071,Puerto de la Luz
6271,47071,Las Palmas/Puerto de la Luz
6272,47072,Santa Cruz De La Palma
6273,47072,Santa Cruz De La Palma
6274,47073,Santa Cruz de Tenerife
6275,47073,Sta. Cruz de Tenerife
6276,47073,Tenerife
6277,47073,Santa Cruz de Tenerife/Sta. Cruz de Tenerife/Tenerife
6278,47073,Santa Cruz de Tenerife
6279,47073,Sta. Cruz de Tenerife
6280,47073,Tenerife
6281,47073,Santa Cruz de Tenerife/Sta. Cruz de Tenerife/Tenerife
6282,47076,Malaga
6283,47076,Malaga
6284,47077,Motril
6285,47077,Motril
6286,47083,Puerto de Sagunto
6287,47083,Sagunto
6288,47083,Puerto de Sagunto/Sagunto
6289,47083,Puerto de Sagunto
6290,47083,Sagunto
6291,47083,Puerto de Sagunto/Sagunto
6292,47088,San Feliu de Guixols
6293,47088,San Feliu de Guixols
6294,47090,Torrevieja
6295,47090,Torrevieja
6296,47092,Tarragona
6297,47092,Tarragona
6298,47093,Gandia
6299,47093,Gandia
6300,47094,Valencia
6301,47094,Valencia
6302,47095,All other Spanish Africa N.E.C. Ports
6303,47095,Melilla
6304,47095,All other Spanish Africa N.E.C. Ports
6305,47095,Melilla
6306,47096,Ceuta
6307,47096,Ceuta
6308,47099,Agua Amarga
6309,47099,Aguilas
6310,47099,Alcudia
6311,47099,All Other Spain Mediterranean Region Ports
6312,47099,Denia
6313,47099,El Grao
6314,47099,Garrucha
6315,47099,Hornillo
6316,47099,Port Alfaques
6317,47099,Puerto de los Alfaques
6318,47099,Rosas
6319,47099,Vinaroz
6320,47099,Agua Amarga
6321,47099,Aguilas
6322,47099,Alcudia
6323,47099,All Other Spain Mediterranean Region Ports
6324,47099,Denia
6325,47099,El Grao
6326,47099,Garrucha
6327,47099,Hornillo
6328,47099,Port Alfaques
6329,47099,Puerto de los Alfaques
6330,47099,Rosas
6331,47099,Vinaroz
6332,47100,Albufeira
6333,47100,All Other Portugal Ports
6334,47100,Faro
6335,47100,Lagos
6336,47100,Olhao
6337,47100,Portimao
6338,47100,Vila Real de San Antonio
6339,47100,Albufeira
6340,47100,All Other Portugal Ports
6341,47100,Faro
6342,47100,Lagos
6343,47100,Olhao
6344,47100,Portimao
6345,47100,Vila Real de San Antonio
6346,47101,Funchal
6347,47101,Funchal
6348,47123,Leixoes
6349,47123,Porto de Leixoes
6350,47123,Leixoes/Porto de Leixoes
6351,47123,Leixoes
6352,47123,Porto de Leixoes
6353,47123,Leixoes/Porto de Leixoes
6354,47125,Lisboa
6355,47125,Lisbon
6356,47125,Lisboa/Lisbon
6357,47125,Lisboa
6358,47125,Lisbon
6359,47125,Lisboa/Lisbon
6360,47126,Barreiro
6361,47126,Barreiro
6362,47127,Porto de Sines
6363,47127,Sines
6364,47127,Porto de Sines/Sines
6365,47127,Porto de Sines
6366,47127,Sines
6367,47127,Porto de Sines/Sines
6368,47130,Aveiro
6369,47130,Aveiro
6370,47133,Oporto
6371,47133,Porto
6372,47133,Oporto/Porto
6373,47133,Oporto
6374,47133,Porto
6375,47133,Oporto/Porto
6376,47135,Figueira da Foz
6377,47135,Figueira da Foz
6378,47141,Setubal
6379,47141,Setubal
6380,47150,All Other Azores Ports
6381,47150,Angra Do Heroismo
6382,47150,Horta
6383,47150,Vila Do Porto
6384,47150,All Other Azores Ports
6385,47150,Angra do Heroismo
6386,47150,Horta
6387,47150,Vila do Porto
6388,47150,All Other Azores Ports
6389,47150,Angra Do Heroismo
6390,47150,Horta
6391,47150,Vila Do Porto
6392,47150,All Other Azores Ports
6393,47150,Angra do Heroismo
6394,47150,Horta
6395,47150,Vila do Porto
6396,47151,Ponta Delgada
6397,47151,Ponta Delgada
6398,47151,Ponta Delgada/Ponta Delgada
6399,47151,Ponta Delgada
6400,47151,Ponta Delgada
6401,47151,Ponta Delgada/Ponta Delgada
6402,47152,Praia
6403,47152,Praia De Vitoria
6404,47152,Praia
6405,47152,Praia de Vitoria
6406,47152,Praia/Praia De Vitoria/Praia/Praia de Vitoria
6407,47152,Praia
6408,47152,Praia De Vitoria
6409,47152,Praia
6410,47152,Praia de Vitoria
6411,47152,Praia/Praia De Vitoria/Praia/Praia de Vitoria
6412,47155,Terceira Islands
6413,47155,Terceira Island
6414,47155,Terceira Islands/Terceira Island
6415,47155,Terceira Islands
6416,47155,Terceira Island
6417,47155,Terceira Islands/Terceira Island
6418,47201,Gibraltar
6419,47201,Gibraltar
6420,47300,All Other Malta Ports
6421,47300,Comino Island
6422,47300,Gozo Island
6423,47300,All Other Malta Ports
6424,47300,Comino Island
6425,47300,Gozo Island
6426,47305,Valletta
6427,47305,Valletta
6428,47306,Marsaxlokk
6429,47306,Marsaxlokk
6430,47500,All Other Italy West Coast Ports
6431,47500,Anzio
6432,47500,Castellammare di Stabia
6433,47500,Fiumicino
6434,47500,Imperia
6435,47500,Portici
6436,47500,Porto Santo Stefano
6437,47500,Portoferraio
6438,47500,Possuoli
6439,47500,Pozzuoli
6440,47500,Reggio di Calabria
6441,47500,Sorrento
6442,47500,Torre Annunziata
6443,47500,All Other Italy West Coast Ports
6444,47500,Anzio
6445,47500,Castellammare di Stabia
6446,47500,Fiumicino
6447,47500,Imperia
6448,47500,Portici
6449,47500,Porto Santo Stefano
6450,47500,Portoferraio
6451,47500,Possuoli
6452,47500,Pozzuoli
6453,47500,Reggio di Calabria
6454,47500,Sorrento
6455,47500,Torre Annunziata
6456,47505,Bagnoli
6457,47505,Bagnoli
6458,47507,Naples
6459,47507,Napoli
6460,47507,Naples/Napoli
6461,47507,Naples
6462,47507,Napoli
6463,47507,Naples/Napoli
6464,47515,Piombino
6465,47515,Portovecchio de Piombino
6466,47515,Piombino/Portovecchio de Piombino
6467,47515,Piombino
6468,47515,Portovecchio de Piombino
6469,47515,Piombino/Portovecchio de Piombino
6470,47517,Savona
6471,47517,Savona
6472,47519,Civitavecchia
6473,47519,Civitavecchia
6474,47525,Gaeta
6475,47525,Gaeta
6476,47527,Genoa
6477,47527,Genova
6478,47527,Genoa/Genova
6479,47527,Genoa
6480,47527,Genova
6481,47527,Genoa/Genova
6482,47528,Marina di Carrara
6483,47528,Marina di Carrara
6484,47531,La Spezia
6485,47531,La Spezia
6486,47536,Gioia Tauro
6487,47536,Gioia Tauro
6488,47537,Leghorn
6489,47537,Livorno
6490,47537,Leghorn/Livorno
6491,47537,Leghorn
6492,47537,Livorno
6493,47537,Leghorn/Livorno
6494,47538,Salerno
6495,47538,Salerno
6496,47539,Vada
6497,47539,Vada
6498,47540,Rada di Vado
6499,47540,Vado Ligure
6500,47540,Rada di Vado/Vado Ligure
6501,47540,Rada di Vado
6502,47540,Vado Ligure
6503,47540,Rada di Vado/Vado Ligure
6504,47541,Canneto
6505,47541,Lipari
6506,47541,Canneto/Lipari
6507,47541,Canneto
6508,47541,Lipari
6509,47541,Canneto/Lipari
6510,47542,Augusta
6511,47542,Augusta
6512,47543,Gela
6513,47543,Terranova
6514,47543,Terranova di Sicilia
6515,47543,Gela/Terranova/Terranova di Sicilia
6516,47543,Gela
6517,47543,Terranova
6518,47543,Terranova di Sicilia
6519,47543,Gela/Terranova/Terranova di Sicilia
6520,47548,Catania
6521,47548,Catania
6522,47550,Milazzo
6523,47550,Milazzo
6524,47551,Palermo
6525,47551,Palermo
6526,47554,Porto Empedocle
6527,47554,Porto Empedocle
6528,47555,Priolo
6529,47555,Priolo
6530,47556,Santa Panagia
6531,47556,Santa Panagia
6532,47558,All Other Sicily Ports
6533,47558,Castellamare del Golfo
6534,47558,Drepanon
6535,47558,Licata
6536,47558,Marsala
6537,47558,Messina
6538,47558,Siracusa
6539,47558,Syracuse
6540,47558,Taormina
6541,47558,Trapani
6542,47558,All Other Sicily Ports
6543,47558,Castellamare del Golfo
6544,47558,Drepanon
6545,47558,Licata
6546,47558,Marsala
6547,47558,Messina
6548,47558,Siracusa
6549,47558,Syracuse
6550,47558,Taormina
6551,47558,Trapani
6552,47561,Porto Torres
6553,47561,Porto Torres
6554,47563,Cagliari
6555,47563,Cagliari
6556,47565,Golfo de Palmas
6557,47565,Oristano
6558,47565,Golfo de Palmas/Oristano
6559,47565,Golfo de Palmas
6560,47565,Oristano
6561,47565,Golfo de Palmas/Oristano
6562,47567,Sarrach Oil Terminal
6563,47567,Sarrach Oil Terminal
6564,47568,Porto Vesme
6565,47568,Portocuso
6566,47568,Porto Vesme/Portocuso
6567,47568,Porto Vesme
6568,47568,Portocuso
6569,47568,Porto Vesme/Portocuso
6570,47569,All Other Sardinia Ports
6571,47569,Olbia
6572,47569,Terra Nova Pausania
6573,47569,Terranova Pausania
6574,47569,All Other Sardinia Ports
6575,47569,Olbia
6576,47569,Terra Nova Pausania
6577,47569,Terranova Pausania
6578,47571,Ancona
6579,47571,Ancona
6580,47578,Bari
6581,47578,Bari
6582,47579,Barletta
6583,47579,Barletta
6584,47581,Chioggia
6585,47581,Chioggia
6586,47582,Crotone
6587,47582,Manfredonia
6588,47582,Crotone/Manfredonia
6589,47582,Crotone
6590,47582,Manfredonia
6591,47582,Crotone/Manfredonia
6592,47583,Brindisi
6593,47583,Brindisi
6594,47584,Porto Corsini
6595,47584,Ravenna
6596,47584,Porto Corsini/Ravenna
6597,47584,Porto Corsini
6598,47584,Ravenna
6599,47584,Porto Corsini/Ravenna
6600,47585,Taranto
6601,47585,Taranto
6602,47587,Trieste
6603,47587,Trieste
6604,47588,Monfalcone
6605,47588,Monfalcone
6606,47595,Lido
6607,47595,Porto Marghara
6608,47595,Venezia
6609,47595,Venice
6610,47595,Lido/Porto Marghara/Venezia/Venice
6611,47595,Lido
6612,47595,Porto Marghara
6613,47595,Venezia
6614,47595,Venice
6615,47595,Lido/Porto Marghara/Venezia/Venice
6616,47598,All Other Italy East Coast Ports
6617,47598,Molfetta
6618,47598,Molo di Bari
6619,47598,Monopoli
6620,47598,Trani
6621,47598,All Other Italy East Coast Ports
6622,47598,Molfetta
6623,47598,Molo di Bari
6624,47598,Monopoli
6625,47598,Trani
6626,47900,Zelenika
6627,47900,Zelenika
6628,47901,Bar
6629,47901,Bar
6630,47902,Dubrovnik
6631,47902,Ragusa
6632,47902,Dubrovnik/Ragusa
6633,47902,Dubrovnik
6634,47902,Ragusa
6635,47902,Dubrovnik/Ragusa
6636,47905,Novigrad
6637,47905,Novigrad
6638,47906,Dugi Rat
6639,47906,Dugi Rat
6640,47909,Kopar
6641,47909,Koper
6642,47909,Kopar/Koper
6643,47909,Kopar
6644,47909,Koper
6645,47909,Kopar/Koper
6646,47910,Piran
6647,47910,Pirano
6648,47910,Piran/Pirano
6649,47910,Piran
6650,47910,Pirano
6651,47910,Piran/Pirano
6652,47911,Kardeljevo
6653,47911,Ploce
6654,47911,Kardeljevo/Ploce
6655,47911,Kardeljevo
6656,47911,Ploce
6657,47911,Kardeljevo/Ploce
6658,47912,Obrovac
6659,47912,Obrovac
6660,47920,Pola
6661,47920,Pula
6662,47920,Pola/Pula
6663,47920,Pola
6664,47920,Pula
6665,47920,Pola/Pula
6666,47923,Bakar
6667,47923,Fiume
6668,47923,Rijeka
6669,47923,Susak
6670,47923,Susaka
6671,47923,Bakar/Fiume/Rijeka/Susak/Susaka
6672,47923,Bakar
6673,47923,Fiume
6674,47923,Rijeka
6675,47923,Susak
6676,47923,Susaka
6677,47923,Bakar/Fiume/Rijeka/Susak/Susaka
6678,47925,Shibenik
6679,47925,Sibenik
6680,47925,Sibvenico
6681,47925,Shibenik/Sibenik/Sibvenico
6682,47925,Shibenik
6683,47925,Sibenik
6684,47925,Sibvenico
6685,47925,Shibenik/Sibenik/Sibvenico
6686,47931,Kastle Sucurac
6687,47931,Solin
6688,47931,Spalato
6689,47931,Split
6690,47931,Kastle Sucurac/Solin/Spalato/Split
6691,47931,Kastle Sucurac
6692,47931,Solin
6693,47931,Spalato
6694,47931,Split
6695,47931,Kastle Sucurac/Solin/Spalato/Split
6696,47933,Zadar
6697,47933,Zadar
6698,47998,All Other Croatia Ports
6699,47998,Omisalj
6700,47998,Vranjic
6701,47998,All Other Croatia Ports
6702,47998,Omisalj
6703,47998,Vranjic
6704,47999,All Other Slovenia Ports
6705,47999,All Other Slovenia Ports
6706,48100,All Other Albania Ports
6707,48100,San Giovanni di Medua
6708,48100,Shengjin
6709,48100,Skele e Vlores
6710,48100,Vallona
6711,48100,Vlore
6712,48100,Volore
6713,48100,All Other Albania Ports
6714,48100,San Giovanni di Medua
6715,48100,Shengjin
6716,48100,Skele e Vlores
6717,48100,Vallona
6718,48100,Vlore
6719,48100,Volore
6720,48109,Durazzo
6721,48109,Durres
6722,48109,Durazzo/Durres
6723,48109,Durazzo
6724,48109,Durres
6725,48109,Durazzo/Durres
6726,48400,Aigion
6727,48400,Aiyion
6728,48400,Alexandroupolis
6729,48400,All Other Greece Ports
6730,48400,Argostolion
6731,48400,Canea
6732,48400,Catacolon
6733,48400,Chalkis
6734,48400,Dedeh Agatch
6735,48400,Kalloni
6736,48400,Khalkis
6737,48400,Khania
6738,48400,Kolpos Kallonis
6739,48400,Kyllini
6740,48400,Lagos
6741,48400,Limin Sirou
6742,48400,Limon Zakinthou
6743,48400,Marathon
6744,48400,Nauplia
6745,48400,Navplion
6746,48400,Naxos
6747,48400,Nea Palatia
6748,48400,Neo Kastro
6749,48400,Neokastron
6750,48400,Ormos Limnis
6751,48400,Ormos Navarinou
6752,48400,Paros
6753,48400,Plomarion
6754,48400,Port Kaloni
6755,48400,Preveza
6756,48400,Rhodes
6757,48400,Rodhos
6758,48400,Saint George's Bay
6759,48400,Salamis
6760,48400,St. George's Bay
6761,48400,Stratoni
6762,48400,Syra
6763,48400,Vostitza
6764,48400,Vostizza
6765,48400,Yerakini
6766,48400,Aigion
6767,48400,Aiyion
6768,48400,Alexandroupolis
6769,48400,All Other Greece Ports
6770,48400,Argostolion
6771,48400,Canea
6772,48400,Catacolon
6773,48400,Chalkis
6774,48400,Dedeh Agatch
6775,48400,Kalloni
6776,48400,Khalkis
6777,48400,Khania
6778,48400,Kolpos Kallonis
6779,48400,Kyllini
6780,48400,Lagos
6781,48400,Limin Sirou
6782,48400,Limon Zakinthou
6783,48400,Marathon
6784,48400,Nauplia
6785,48400,Navplion
6786,48400,Naxos
6787,48400,Nea Palatia
6788,48400,Neo Kastro
6789,48400,Neokastron
6790,48400,Ormos Limnis
6791,48400,Ormos Navarinou
6792,48400,Paros
6793,48400,Plomarion
6794,48400,Port Kaloni
6795,48400,Preveza
6796,48400,Rhodes
6797,48400,Rodhos
6798,48400,Saint George's Bay
6799,48400,Salamis
6800,48400,St. George's Bay
6801,48400,Stratoni
6802,48400,Syra
6803,48400,Vostitza
6804,48400,Vostizza
6805,48400,Yerakini
6806,48402,Ayia Marina
6807,48402,Ayia Marina
6808,48405,Ayios Nikolaos
6809,48405,Nikola. Crete
6810,48405,"Ormos Ayiou Nikolaou, Crete"
6811,48405,"Ayios Nikolaos/Nikola. Crete/Ormos Ayiou Nikolaou, Crete"
6812,48405,Ayios Nikolaos
6813,48405,Nikola. Crete
6814,48405,"Ormos Ayiou Nikolaou, Crete"
6815,48405,"Ayios Nikolaos/Nikola. Crete/Ormos Ayiou Nikolaou, Crete"
6816,48406,Souda Bay
6817,48406,Soudha
6818,48406,Souda Bay/Soudha
6819,48406,Souda Bay
6820,48406,Soudha
6821,48406,Souda Bay/Soudha
6822,48410,Corinth
6823,48410,Korinthos
6824,48410,Corinth/Korinthos
6825,48410,Corinth
6826,48410,Korinthos
6827,48410,Corinth/Korinthos
6828,48411,Heraklion
6829,48411,Iraklion
6830,48411,Heraklion/Iraklion
6831,48411,Heraklion
6832,48411,Iraklion
6833,48411,Heraklion/Iraklion
6834,48412,Kali Limenes
6835,48412,Kaloi limniones
6836,48412,Kali Limenes/Kaloi limniones
6837,48412,Kali Limenes
6838,48412,Kaloi limniones
6839,48412,Kali Limenes/Kaloi limniones
6840,48421,Calamata
6841,48421,Kalamai
6842,48421,Kalamata
6843,48421,Calamata/Kalamai/Kalamata
6844,48421,Calamata
6845,48421,Kalamai
6846,48421,Kalamata
6847,48421,Calamata/Kalamai/Kalamata
6848,48425,Kalamaki
6849,48425,Kalamaki
6850,48427,Cavala
6851,48427,Kavala
6852,48427,Cavala/Kavala
6853,48427,Cavala
6854,48427,Kavala
6855,48427,Cavala/Kavala
6856,48445,Elefsis
6857,48445,Eleusis
6858,48445,Elevsis
6859,48445,Elefsis/Eleusis/Elevsis
6860,48445,Elefsis
6861,48445,Eleusis
6862,48445,Elevsis
6863,48445,Elefsis/Eleusis/Elevsis
6864,48449,Aliver
6865,48449,Aliveri
6866,48449,Karavos
6867,48449,Milaki
6868,48449,Mylaki
6869,48449,Aliver/Aliveri/Karavos/Milaki/Mylaki
6870,48449,Aliver
6871,48449,Aliveri
6872,48449,Karavos
6873,48449,Milaki
6874,48449,Mylaki
6875,48449,Aliver/Aliveri/Karavos/Milaki/Mylaki
6876,48451,Patrai
6877,48451,Patras
6878,48451,Patrai/Patras
6879,48451,Patrai
6880,48451,Patras
6881,48451,Patrai/Patras
6882,48452,Piraeus
6883,48452,Piraieus
6884,48452,Piraievs
6885,48452,Piraeus/Piraieus/Piraievs
6886,48452,Piraeus
6887,48452,Piraieus
6888,48452,Piraievs
6889,48452,Piraeus/Piraieus/Piraievs
6890,48453,Aspropirgos
6891,48453,Aspropyrgos
6892,48453,Aspropirgos/Aspropyrgos
6893,48453,Aspropirgos
6894,48453,Aspropyrgos
6895,48453,Aspropirgos/Aspropyrgos
6896,48454,Ayia Trias
6897,48454,Megara
6898,48454,Ayia Trias/Megara
6899,48454,Ayia Trias
6900,48454,Megara
6901,48454,Ayia Trias/Megara
6902,48455,Chios
6903,48455,Chios
6904,48456,Corfu
6905,48456,Kerkyra
6906,48456,Corfu/Kerkyra
6907,48456,Corfu
6908,48456,Kerkyra
6909,48456,Corfu/Kerkyra
6910,48457,Itea
6911,48457,Itea
6912,48458,Katakolon
6913,48458,Katakolon
6914,48459,Kymassi
6915,48459,Kymassi
6916,48460,Mikonos
6917,48460,Mykonos
6918,48460,Mikonos/Mykonos
6919,48460,Mikonos
6920,48460,Mykonos
6921,48460,Mikonos/Mykonos
6922,48461,Psachna
6923,48461,Psachna
6924,48462,Mitilini
6925,48462,Mitylene
6926,48462,Mytilini
6927,48462,Mitilini/Mitylene/Mytilini
6928,48462,Mitilini
6929,48462,Mitylene
6930,48462,Mytilini
6931,48462,Mitilini/Mitylene/Mytilini
6932,48463,Pilos
6933,48463,Pylos
6934,48463,Pilos/Pylos
6935,48463,Pilos
6936,48463,Pylos
6937,48463,Pilos/Pylos
6938,48464,Samos
6939,48464,Samos
6940,48465,Serifos
6941,48465,Seriphos
6942,48465,Seriphos Island
6943,48465,Serifos/Seriphos/Seriphos Island
6944,48465,Serifos
6945,48465,Seriphos
6946,48465,Seriphos Island
6947,48465,Serifos/Seriphos/Seriphos Island
6948,48466,Syros
6949,48466,Syros
6950,48467,Zakinthos
6951,48467,Zante
6952,48467,Zakinthos/Zante
6953,48467,Zakinthos
6954,48467,Zante
6955,48467,Zakinthos/Zante
6956,48468,Milos Island
6957,48468,Milos Island
6958,48471,Salonika
6959,48471,Thessaloniki
6960,48471,Salonika/Thessaloniki
6961,48471,Salonika
6962,48471,Thessaloniki
6963,48471,Salonika/Thessaloniki
6964,48473,Volos
6965,48473,Volos
6966,48475,Iali
6967,48475,Yali
6968,48475,Yali Island
6969,48475,Iali/Yali/Yali Island
6970,48475,Iali
6971,48475,Yali
6972,48475,Yali Island
6973,48475,Iali/Yali/Yali Island
6974,48476,Skaramanga
6975,48476,Skaramanga Bay
6976,48476,Skaramanga/Skaramanga Bay
6977,48476,Skaramanga
6978,48476,Skaramanga Bay
6979,48476,Skaramanga/Skaramanga Bay
6980,48500,All Other Romania Ports
6981,48500,Braila
6982,48500,Galati
6983,48500,Galatz
6984,48500,Sulina
6985,48500,Tulcea
6986,48500,All Other Romania Ports
6987,48500,Braila
6988,48500,Galati
6989,48500,Galatz
6990,48500,Sulina
6991,48500,Tulcea
6992,48511,Constanta
6993,48511,Constantza
6994,48511,Constanta/Constantza
6995,48511,Constanta
6996,48511,Constantza
6997,48511,Constanta/Constantza
6998,48700,All Other Bulgaria Ports
6999,48700,All Other Bulgaria Ports
7000,48702,Bourgas
7001,48702,Burgas
7002,48702,Bourgas/Burgas
7003,48702,Bourgas
7004,48702,Burgas
7005,48702,Bourgas/Burgas
7006,48707,Varna
7007,48707,Varna
7008,48900,All Other Turkey Mediterranean Region Ports
7009,48900,Fethiye
7010,48900,Finike
7011,48900,Hopa
7012,48900,Tas Oudjou
7013,48900,Tash‑Uju
7014,48900,Tasucu
7015,48900,Yumurtalik
7016,48900,Zonguldak
7017,48900,All Other Turkey Mediterranean Region Ports
7018,48900,Fethiye
7019,48900,Finike
7020,48900,Hopa
7021,48900,Tas Oudjou
7022,48900,Tash-Uju
7023,48900,Tasucu
7024,48900,Yumurtalik
7025,48900,Zonguldak
7026,48903,Adalia
7027,48903,Antalya
7028,48903,Atalia
7029,48903,Attalea
7030,48903,Adalia/Antalya/Atalia/Attalea
7031,48903,Adalia
7032,48903,Antalya
7033,48903,Atalia
7034,48903,Attalea
7035,48903,Adalia/Antalya/Atalia/Attalea
7036,48905,Dikili
7037,48905,Dikili
7038,48915,Aliaga
7039,48915,Nemrut Bay
7040,48915,Aliaga/Nemrut Bay
7041,48915,Aliaga
7042,48915,Nemrut Bay
7043,48915,Aliaga/Nemrut Bay
7044,48925,Gocek
7045,48925,Gocek
7046,48928,Isdemir
7047,48928,Isdemir
7048,48931,Alexandretta
7049,48931,Botas Terminal
7050,48931,Ceyhan Terminal
7051,48931,Giova
7052,48931,Gokova
7053,48931,Gokova Iskelesi
7054,48931,Golovasi Terminal
7055,48931,Iskenderun
7056,48931,Alexandretta/Botas Terminal/Ceyhan Terminal/Giova/Gokova/Gokova Iskelesi/Golovasi Terminal/Iskenderun
7057,48931,Alexandretta
7058,48931,Botas Terminal
7059,48931,Ceyhan Terminal
7060,48931,Giova
7061,48931,Gokova
7062,48931,Gokova Iskelesi
7063,48931,Golovasi Terminal
7064,48931,Iskenderun
7065,48931,Alexandretta/Botas Terminal/Ceyhan Terminal/Giova/Gokova/Gokova Iskelesi/Golovasi Terminal/Iskenderun
7066,48932,Toros Gubre
7067,48932,Toros Gubre
7068,48938,Adana
7069,48938,Mersin
7070,48938,Adana/Mersin
7071,48938,Adana
7072,48938,Mersin
7073,48938,Adana/Mersin
7074,48939,Izmir
7075,48939,Izmir
7076,48940,Izmit
7077,48940,Tutunciftlik
7078,48940,Izmit/Tutunciftlik
7079,48940,Izmit
7080,48940,Tutunciftlik
7081,48940,Izmit/Tutunciftlik
7082,48941,Darcia
7083,48941,Darcia
7084,48942,Derince
7085,48942,Derince Burna
7086,48942,Derindje
7087,48942,Derince/Derince Burna/Derindje
7088,48942,Derince
7089,48942,Derince Burna
7090,48942,Derindje
7091,48942,Derince/Derince Burna/Derindje
7092,48943,Eregli
7093,48943,Eregli Anatolia
7094,48943,Uzunkum
7095,48943,Eregli/Eregli Anatolia/Uzunkum
7096,48943,Eregli
7097,48943,Eregli Anatolia
7098,48943,Uzunkum
7099,48943,Eregli/Eregli Anatolia/Uzunkum
7100,48944,Gebze
7101,48944,Pursan
7102,48944,Gebze/Pursan
7103,48944,Gebze
7104,48944,Pursan
7105,48944,Gebze/Pursan
7106,48945,Ambarli
7107,48945,Constantinople
7108,48945,Istanbul
7109,48945,Ambarli/Constantinople/Istanbul
7110,48945,Ambarli
7111,48945,Constantinople
7112,48945,Istanbul
7113,48945,Ambarli/Constantinople/Istanbul
7114,48946,Giresun
7115,48946,Giresun
7116,48947,Gemlik
7117,48947,Ghemlik
7118,48947,Kemlik
7119,48947,Gemlik/Ghemlik/Kemlik
7120,48947,Gemlik
7121,48947,Ghemlik
7122,48947,Kemlik
7123,48947,Gemlik/Ghemlik/Kemlik
7124,48951,Mudania
7125,48951,Mudanya
7126,48951,Mudania/Mudanya
7127,48951,Mudania
7128,48951,Mudanya
7129,48951,Mudania/Mudanya
7130,48963,Bandirma
7131,48963,Panderma
7132,48963,Bandirma/Panderma
7133,48963,Bandirma
7134,48963,Panderma
7135,48963,Bandirma/Panderma
7136,48967,Samsun
7137,48967,Samsun
7138,48971,Yalova
7139,48971,Yalova
7140,48999,All Other Turkey Black Sea and Sea of Marmara Port
7141,48999,Canak
7142,48999,Canakkale
7143,48999,Chanak
7144,48999,Chanaq
7145,48999,Gallipoli
7146,48999,Gelibolu
7147,48999,Golcuk
7148,48999,Gueldjuk
7149,48999,Hay Darpasa
7150,48999,Haydarpasa
7151,48999,Inebolu
7152,48999,Rodosto
7153,48999,Tekirdag
7154,48999,Trabzon
7155,48999,Trebizond
7156,48999,Yarimca
7157,48999,All Other Turkey Black Sea and Sea of Marmara Port
7158,48999,Canak
7159,48999,Canakkale
7160,48999,Chanak
7161,48999,Chanaq
7162,48999,Gallipoli
7163,48999,Gelibolu
7164,48999,Golcuk
7165,48999,Gueldjuk
7166,48999,Hay Darpasa
7167,48999,Haydarpasa
7168,48999,Inebolu
7169,48999,Rodosto
7170,48999,Tekirdag
7171,48999,Trabzon
7172,48999,Trebizond
7173,48999,Yarimca
7174,49133,Larnaca
7175,49133,Larnaca
7176,49134,Vassiliko
7177,49134,Vassiliko
7178,49135,Limassol
7179,49135,Limassol
7180,49199,All Other Cyprus Ports
7181,49199,Famagusta
7182,49199,All Other Cyprus Ports
7183,49199,Famagusta
7184,50200,All Other Syria Ports
7185,50200,Banias
7186,50200,Baniyas
7187,50200,All Other Syria Ports
7188,50200,Banias
7189,50200,Baniyas
7190,50215,Al Ladhiqiyah
7191,50215,Latakia
7192,50215,Lattakia
7193,50215,Al Ladhiqiyah/Latakia/Lattakia
7194,50215,Al Ladhiqiyah
7195,50215,Latakia
7196,50215,Lattakia
7197,50215,Al Ladhiqiyah/Latakia/Lattakia
7198,50220,Tartous
7199,50220,Tartus
7200,50220,Tartous/Tartus
7201,50220,Tartous
7202,50220,Tartus
7203,50220,Tartous/Tartus
7204,50400,All Other Lebanon Ports
7205,50400,Saida
7206,50400,Sidon
7207,50400,Tripoli
7208,50400,All Other Lebanon Ports
7209,50400,Saida
7210,50400,Sidon
7211,50400,Tripoli
7212,50401,Bayrut
7213,50401,Beirut
7214,50401,Beyrouth
7215,50401,Bayrut/Beirut/Beyrouth
7216,50401,Bayrut
7217,50401,Beirut
7218,50401,Beyrouth
7219,50401,Bayrut/Beirut/Beyrouth
7220,50500,Al Faw
7221,50500,All Other Iraq Ports
7222,50500,Fao
7223,50500,Al Faw
7224,50500,All Other Iraq Ports
7225,50500,Fao
7226,50501,Baghdad
7227,50501,Baghdad
7228,50505,Al Bakir
7229,50505,Mina al Bakr
7230,50505,Al Bakir/Mina al Bakr
7231,50505,Al Bakir
7232,50505,Mina al Bakr
7233,50505,Al Bakir/Mina al Bakr
7234,50525,Al Basrah
7235,50525,Basra
7236,50525,Basrah
7237,50525,Al Basrah/Basra/Basrah
7238,50525,Al Basrah
7239,50525,Basra
7240,50525,Basrah
7241,50525,Al Basrah/Basra/Basrah
7242,50560,Khor‑al‑Amaya
7243,50560,Khor-al-Amaya
7244,50570,Khor al Zubair
7245,50570,Umm Qasr
7246,50570,Khor al Zubair/Umm Qasr
7247,50570,Khor al Zubair
7248,50570,Umm Qasr
7249,50570,Khor al Zubair/Umm Qasr
7250,50700,Abadan
7251,50700,All Other Iran Ports
7252,50700,Bandar E Lengeh
7253,50700,Bandar Shadid Beheshti
7254,50700,Bandar‑e‑Shahpur
7255,50700,Bushehr
7256,50700,Bushire
7257,50700,Chah Bahar
7258,50700,Hormuz Terminal
7259,50700,Jazireh ye Khark
7260,50700,Khorramshahr
7261,50700,Khosrowabad
7262,50700,Lingah
7263,50700,Lingeh
7264,50700,Ormuz
7265,50700,Sirri Island
7266,50700,Teheran
7267,50700,Tehran
7268,50700,Valfajor Two Terminal
7269,50700,Abadan
7270,50700,All Other Iran Ports
7271,50700,Bandar E Lengeh
7272,50700,Bandar Shadid Beheshti
7273,50700,Bandar-e-Shahpur
7274,50700,Bushehr
7275,50700,Bushire
7276,50700,Chah Bahar
7277,50700,Hormuz Terminal
7278,50700,Jazireh ye Khark
7279,50700,Khorramshahr
7280,50700,Khosrowabad
7281,50700,Lingah
7282,50700,Lingeh
7283,50700,Ormuz
7284,50700,Sirri Island
7285,50700,Teheran
7286,50700,Tehran
7287,50700,Valfajor Two Terminal
7288,50725,Ahvaz
7289,50725,Ahwaz
7290,50725,Ahvaz/Ahwaz
7291,50725,Ahvaz
7292,50725,Ahwaz
7293,50725,Ahvaz/Ahwaz
7294,50730,Bandar Abbas
7295,50730,Bandar Shahid Rejaie
7296,50730,Bandar Abbas/Bandar Shahid Rejaie
7297,50730,Bandar Abbas
7298,50730,Bandar Shahid Rejaie
7299,50730,Bandar Abbas/Bandar Shahid Rejaie
7300,50739,Bandar E Mah Shahr
7301,50739,Bandar Mahshahr
7302,50739,Bandar‑e‑Mashur
7303,50739,Bandar E Mah Shahr/Bandar Mahshahr/Bandar‑e‑Mashur
7304,50739,Bandar E Mah Shahr
7305,50739,Bandar Mahshahr
7306,50739,Bandar-e-Mashur
7307,50739,Bandar E Mah Shahr/Bandar Mahshahr/Bandar-e-Mashur
7308,50769,Gazireh Ye Lavan
7309,50769,Lavan Island
7310,50769,Gazireh Ye Lavan/Lavan Island
7311,50769,Gazireh Ye Lavan
7312,50769,Lavan Island
7313,50769,Gazireh Ye Lavan/Lavan Island
7314,50770,Bandar Khomeini
7315,50770,Bandar Khomeini
7316,50771,Kharg Island
7317,50771,Kharg Island
7318,50800,All Other Israel Mediterranean Area Ports
7319,50800,All Other Israel Mediterranean Area Ports
7320,50801,Haifa
7321,50801,Haifa
7322,50805,Ashdod
7323,50805,Ashdod
7324,50810,Ascalon
7325,50810,Ashkelon
7326,50810,Ascalon/Ashkelon
7327,50810,Ascalon
7328,50810,Ashkelon
7329,50810,Ascalon/Ashkelon
7330,50815,Hadera
7331,50815,Hadera
7332,50845,Tel Aviv Yafo
7333,50845,Tel Aviv Yafo
7334,50871,Eilat
7335,50871,Eilath
7336,50871,Elat
7337,50871,Eilat/Eilath/Elat
7338,50871,Eilat
7339,50871,Eilath
7340,50871,Elat
7341,50871,Eilat/Eilath/Elat
7342,51100,All Other Jordan Ports
7343,51100,All Other Jordan Ports
7344,51105,Al Aqabah
7345,51105,Aqaba
7346,51105,Al Aqabah/Aqaba
7347,51105,Al Aqabah
7348,51105,Aqaba
7349,51105,Al Aqabah/Aqaba
7350,51300,All Other Kuwait Ports
7351,51300,Khawr Al Ama
7352,51300,Khor al Ami
7353,51300,All Other Kuwait Ports
7354,51300,Khawr Al Ama
7355,51300,Khor al Ami
7356,51321,Al Kuwayt
7357,51321,Kuwait
7358,51321,Al Kuwayt/Kuwait
7359,51321,Al Kuwayt
7360,51321,Kuwait
7361,51321,Al Kuwayt/Kuwait
7362,51323,Al Fuhayhil
7363,51323,Fahaheel
7364,51323,Mina al Ahmadi
7365,51323,Al Fuhayhil/Fahaheel/Mina al Ahmadi
7366,51323,Al Fuhayhil
7367,51323,Fahaheel
7368,51323,Mina al Ahmadi
7369,51323,Al Fuhayhil/Fahaheel/Mina al Ahmadi
7370,51330,Mina Saud
7371,51330,Mina Suud
7372,51330,Mina Saud/Mina Suud
7373,51330,Mina Saud
7374,51330,Mina Suud
7375,51330,Mina Saud/Mina Suud
7376,51350,Ash Shuaiba
7377,51350,Shuaiba
7378,51350,Ash Shuaiba/Shuaiba
7379,51350,Ash Shuaiba
7380,51350,Shuaiba
7381,51350,Ash Shuaiba/Shuaiba
7382,51700,All Other Saudi Arabia Ports
7383,51700,Ras Al Khafji
7384,51700,All Other Saudi Arabia Ports
7385,51700,Ras Al Khafji
7386,51712,Al Khobar
7387,51712,Al Khubar
7388,51712,Al Khobar/Al Khubar
7389,51712,Al Khobar
7390,51712,Al Khubar
7391,51712,Al Khobar/Al Khubar
7392,51715,Ad Dammam
7393,51715,Damman
7394,51715,King Abdul Aziz Port
7395,51715,Ad Dammam/Damman/King Abdul Aziz Port
7396,51715,Ad Dammam
7397,51715,Damman
7398,51715,King Abdul Aziz Port
7399,51715,Ad Dammam/Damman/King Abdul Aziz Port
7400,51717,Dhahran
7401,51717,Dhahran
7402,51719,Gizan
7403,51719,Gizan
7404,51720,Al Jubail
7405,51720,Jubail
7406,51720,Al Jubail/Jubail
7407,51720,Al Jubail
7408,51720,Jubail
7409,51720,Al Jubail/Jubail
7410,51721,Jeddeh
7411,51721,Jidda
7412,51721,Jiddah
7413,51721,Judda
7414,51721,Jeddeh/Jidda/Jiddah/Judda
7415,51721,Jeddeh
7416,51721,Jidda
7417,51721,Jiddah
7418,51721,Judda
7419,51721,Jeddeh/Jidda/Jiddah/Judda
7420,51723,Al Juaymah
7421,51723,Juaymah Oil Terminal
7422,51723,Al Juaymah/Juaymah Oil Terminal
7423,51723,Al Juaymah
7424,51723,Juaymah Oil Terminal
7425,51723,Al Juaymah/Juaymah Oil Terminal
7426,51727,Ras at Tannurah
7427,51727,Ras Tanura
7428,51727,Ras at Tannurah/Ras Tanura
7429,51727,Ras at Tannurah
7430,51727,Ras Tanura
7431,51727,Ras at Tannurah/Ras Tanura
7432,51730,Dhuba
7433,51730,King Fahd Port
7434,51730,Yambo
7435,51730,Yanbu
7436,51730,Yenbo
7437,51730,Dhuba/King Fahd Port/Yambo/Yanbu/Yenbo
7438,51730,Dhuba
7439,51730,King Fahd Port
7440,51730,Yambo
7441,51730,Yanbu
7442,51730,Yenbo
7443,51730,Dhuba/King Fahd Port/Yambo/Yanbu/Yenbo
7444,51800,All Other Qatar Ports
7445,51800,Halul Island
7446,51800,Jazirath Halul
7447,51800,All Other Qatar Ports
7448,51800,Halul Island
7449,51800,Jazirath Halul
7450,51813,Doha
7451,51813,Doha
7452,51814,Ras Laffan
7453,51814,Ras Laffan
7454,51825,Musayid
7455,51825,Umm Said
7456,51825,Musayid/Umm Said
7457,51825,Musayid
7458,51825,Umm Said
7459,51825,Musayid/Umm Said
7460,52000,Abu al Bu Koosh
7461,52000,Ajman
7462,52000,All Other United Arab Emirates Ports
7463,52000,Hamriyah Terminal
7464,52000,Mina Saqr
7465,52000,Mubarek Terminal
7466,52000,Mubarras Island
7467,52000,Ras al Khaimah
7468,52000,Ras al Khaymah
7469,52000,Zirku Island
7470,52000,Abu al Bu Koosh
7471,52000,Ajman
7472,52000,All Other United Arab Emirates Ports
7473,52000,Hamriyah Terminal
7474,52000,Mina Saqr
7475,52000,Mubarek Terminal
7476,52000,Mubarras Island
7477,52000,Ras al Khaimah
7478,52000,Ras al Khaymah
7479,52000,Zirku Island
7480,52001,Abu Dhabi
7481,52001,Abu Zabi
7482,52001,Mina Zayed
7483,52001,Abu Dhabi/Abu Zabi/Mina Zayed
7484,52001,Abu Dhabi
7485,52001,Abu Zabi
7486,52001,Mina Zayed
7487,52001,Abu Dhabi/Abu Zabi/Mina Zayed
7488,52003,Arzanah Island
7489,52003,Arzanah Island
7490,52005,Dubai
7491,52005,Dubayy
7492,52005,Port Rashid
7493,52005,Dubai/Dubayy/Port Rashid
7494,52005,Dubai
7495,52005,Dubayy
7496,52005,Port Rashid
7497,52005,Dubai/Dubayy/Port Rashid
7498,52030,Das
7499,52030,Das Island
7500,52030,Das/Das Island
7501,52030,Das
7502,52030,Das Island
7503,52030,Das/Das Island
7504,52040,Fateh Terminal
7505,52040,Fateh Terminal
7506,52050,Jebel Dhanna
7507,52050,Ruwais
7508,52050,Jebel Dhanna/Ruwais
7509,52050,Jebel Dhanna
7510,52050,Ruwais
7511,52050,Jebel Dhanna/Ruwais
7512,52051,Jebel Ali
7513,52051,Jebel Ali
7514,52060,Khor Fakkan
7515,52060,Khor Fakkan
7516,52070,Ash Shariqah
7517,52070,Mina Khalid
7518,52070,Sharjah
7519,52070,Ash Shariqah/Mina Khalid/Sharjah
7520,52070,Ash Shariqah
7521,52070,Mina Khalid
7522,52070,Sharjah
7523,52070,Ash Shariqah/Mina Khalid/Sharjah
7524,52077,Fujairah
7525,52077,Fujaireh
7526,52077,Fujairah/Fujaireh
7527,52077,Fujairah
7528,52077,Fujaireh
7529,52077,Fujairah/Fujaireh
7530,52100,Al Mukalla
7531,52100,All Other Yemen Ports
7532,52100,Mukalla
7533,52100,Perim Island
7534,52100,Saleef
7535,52100,Al Mukalla
7536,52100,All Other Yemen Ports
7537,52100,Mukalla
7538,52100,Perim Island
7539,52100,Saleef
7540,52101,Aden
7541,52101,Aden
7542,52115,Al Hudayah
7543,52115,Hodeida
7544,52115,Hodeidah
7545,52115,Al Hudayah/Hodeida/Hodeidah
7546,52115,Al Hudayah
7547,52115,Hodeida
7548,52115,Hodeidah
7549,52115,Al Hudayah/Hodeida/Hodeidah
7550,52125,Al Mokha
7551,52125,Mocha
7552,52125,Mokha
7553,52125,Al Mokha/Mocha/Mokha
7554,52125,Al Mokha
7555,52125,Mocha
7556,52125,Mokha
7557,52125,Al Mokha/Mocha/Mokha
7558,52300,All Other Oman Ports
7559,52300,All Other Oman Ports
7560,52310,Sur
7561,52310,Sur
7562,52312,Qalhat
7563,52312,Qalhat
7564,52315,Masirah
7565,52315,Masirah Island
7566,52315,Masirah/Masirah Island
7567,52315,Masirah
7568,52315,Masirah Island
7569,52315,Masirah/Masirah Island
7570,52320,Mina Abd Fahl
7571,52320,Mina al Fahal
7572,52320,Mina Abd Fahl/Mina al Fahal
7573,52320,Mina Abd Fahl
7574,52320,Mina al Fahal
7575,52320,Mina Abd Fahl/Mina al Fahal
7576,52325,Matrah
7577,52325,Mina Qaboos
7578,52325,Mina Qabus
7579,52325,Muscat
7580,52325,Musqat
7581,52325,Port Sultan Qaboos
7582,52325,Sultan Qaboos
7583,52325,Matrah/Mina Qaboos/Mina Qabus/Muscat/Musqat/Port Sultan Qaboos/Sultan Qaboos
7584,52325,Matrah
7585,52325,Mina Qaboos
7586,52325,Mina Qabus
7587,52325,Muscat
7588,52325,Musqat
7589,52325,Port Sultan Qaboos
7590,52325,Sultan Qaboos
7591,52325,Matrah/Mina Qaboos/Mina Qabus/Muscat/Musqat/Port Sultan Qaboos/Sultan Qaboos
7592,52330,Mina Raysut
7593,52330,Salalah
7594,52330,Mina Raysut/Salalah
7595,52330,Mina Raysut
7596,52330,Salalah
7597,52330,Mina Raysut/Salalah
7598,52500,All Other Bahrain Ports
7599,52500,Sitra
7600,52500,Sitrah
7601,52500,All Other Bahrain Ports
7602,52500,Sitra
7603,52500,Sitrah
7604,52501,Mina Sulman
7605,52501,Mina Sulman
7606,52502,Al Manamah Harbor
7607,52502,Manama
7608,52502,Al Manamah Harbor/Manama
7609,52502,Al Manamah Harbor
7610,52502,Manama
7611,52502,Al Manamah Harbor/Manama
7612,53300,All Other India West Coast Ports
7613,53300,Calicut
7614,53300,Kolachel
7615,53300,Kozhikode
7616,53300,Mahe
7617,53300,Mandvi
7618,53300,Navlakhi
7619,53300,Porbandar
7620,53300,Port Okha
7621,53300,Quilon
7622,53300,Tellicherry
7623,53300,All Other India West Coast Ports
7624,53300,Calicut
7625,53300,Kolachel
7626,53300,Kozhikode
7627,53300,Mahe
7628,53300,Mandvi
7629,53300,Navlakhi
7630,53300,Porbandar
7631,53300,Port Okha
7632,53300,Quilon
7633,53300,Tellicherry
7634,53301,Alleppey
7635,53301,Alleppey
7636,53303,Bhavnagar
7637,53303,Bhavnagar
7638,53304,Pipavav
7639,53304,Pipavav
7640,53305,Bedi
7641,53305,Jamnagar
7642,53305,Sikka
7643,53305,Bedi/Jamnagar/Sikka
7644,53305,Bedi
7645,53305,Jamnagar
7646,53305,Sikka
7647,53305,Bedi/Jamnagar/Sikka
7648,53306,Mundra
7649,53306,Mundra
7650,53307,Kandla
7651,53307,Port Kandla
7652,53307,Kandla/Port Kandla
7653,53307,Kandla
7654,53307,Port Kandla
7655,53307,Kandla/Port Kandla
7656,53312,Bombay
7657,53312,Mumbai
7658,53312,Bombay/Mumbai
7659,53312,Bombay
7660,53312,Mumbai
7661,53312,Bombay/Mumbai
7662,53313,Jawaharlal Nehru
7663,53313,Nava Sheva
7664,53313,Nhava Sheva
7665,53313,Jawaharlal Nehru/Nava Sheva/Nhava Sheva
7666,53313,Jawaharlal Nehru
7667,53313,Nava Sheva
7668,53313,Nhava Sheva
7669,53313,Jawaharlal Nehru/Nava Sheva/Nhava Sheva
7670,53333,Cochin
7671,53333,Cochin
7672,53340,Goa
7673,53340,Marmagao Bay
7674,53340,Mormugao
7675,53340,Goa/Marmagao Bay/Mormugao
7676,53340,Goa
7677,53340,Marmagao Bay
7678,53340,Mormugao
7679,53340,Goa/Marmagao Bay/Mormugao
7680,53343,Mangalore
7681,53343,New Mangalore
7682,53343,Mangalore/New Mangalore
7683,53343,Mangalore
7684,53343,New Mangalore
7685,53343,Mangalore/New Mangalore
7686,53347,Veraval
7687,53347,Veraval
7688,53351,Baj‑Baj
7689,53351,Budge‑Budge
7690,53351,Baj‑Baj/Budge‑Budge
7691,53351,Baj-Baj
7692,53351,Budge-Budge
7693,53351,Baj-Baj/Budge-Budge
7694,53353,Calcutta
7695,53353,Calcutta
7696,53354,Haldia
7697,53354,Haldia
7698,53357,Chennai
7699,53357,Madras
7700,53357,Chennai/Madras
7701,53357,Chennai
7702,53357,Madras
7703,53357,Chennai/Madras
7704,53371,Paradip
7705,53371,Paradip
7706,53395,New Tuticorin
7707,53395,Tuticorin
7708,53395,New Tuticorin/Tuticorin
7709,53395,New Tuticorin
7710,53395,Tuticorin
7711,53395,New Tuticorin/Tuticorin
7712,53396,Beypore
7713,53396,Beypore
7714,53398,All Other India East Coast Ports
7715,53398,Bheemunipatnam
7716,53398,Cocanada
7717,53398,Cuddalore
7718,53398,Kakinada
7719,53398,Kakinada Bay
7720,53398,Karikal
7721,53398,Masulipatam
7722,53398,Nagapattinam
7723,53398,Negapatam
7724,53398,Pondicherry
7725,53398,Puduchcheri
7726,53398,All Other India East Coast Ports
7727,53398,Bheemunipatnam
7728,53398,Cocanada
7729,53398,Cuddalore
7730,53398,Kakinada
7731,53398,Kakinada Bay
7732,53398,Karikal
7733,53398,Masulipatam
7734,53398,Nagapattinam
7735,53398,Negapatam
7736,53398,Pondicherry
7737,53398,Puduchcheri
7738,53399,Visakhapatnam
7739,53399,Vishakhapatnam
7740,53399,Visakhapatnam/Vishakhapatnam
7741,53399,Visakhapatnam
7742,53399,Vishakhapatnam
7743,53399,Visakhapatnam/Vishakhapatnam
7744,53550,Karachi
7745,53550,Karachi Harbor
7746,53550,Karachi/Karachi Harbor
7747,53550,Karachi
7748,53550,Karachi Harbor
7749,53550,Karachi/Karachi Harbor
7750,53551,Port Muhammad Bin Qasim
7751,53551,Port Qasim
7752,53551,Port Muhammad Bin Qasim/Port Qasim
7753,53551,Port Muhammad Bin Qasim
7754,53551,Port Qasim
7755,53551,Port Muhammad Bin Qasim/Port Qasim
7756,53599,All Other Pakistan Ports
7757,53599,All Other Pakistan Ports
7758,53800,All Other Bangladesh Ports
7759,53800,Mongla
7760,53800,Mungla Anchorage
7761,53800,All Other Bangladesh Ports
7762,53800,Mongla
7763,53800,Mungla Anchorage
7764,53820,Chalna
7765,53820,Khulna
7766,53820,Chalna/Khulna
7767,53820,Chalna
7768,53820,Khulna
7769,53820,Chalna/Khulna
7770,53827,Chittagong
7771,53827,Chittagong
7772,54200,All Other Sri Lanka Ports
7773,54200,Galle
7774,54200,Galle Harbor
7775,54200,Jaffna
7776,54200,All Other Sri Lanka Ports
7777,54200,Galle
7778,54200,Galle Harbor
7779,54200,Jaffna
7780,54201,Colombo
7781,54201,Colombo Harbor
7782,54201,Colombo/Colombo Harbor
7783,54201,Colombo
7784,54201,Colombo Harbor
7785,54201,Colombo/Colombo Harbor
7786,54205,Trincomalee
7787,54205,Trincomali
7788,54205,Trincomalee/Trincomali
7789,54205,Trincomalee
7790,54205,Trincomali
7791,54205,Trincomalee/Trincomali
7792,54600,All Other Burma Ports
7793,54600,Tavoy
7794,54600,All Other Burma Ports
7795,54600,Tavoy
7796,54601,Rangoon
7797,54601,Yangon
7798,54601,Rangoon/Yangon
7799,54601,Rangoon
7800,54601,Yangon
7801,54601,Rangoon/Yangon
7802,54900,All Other Thailand Ports
7803,54900,Chuk Samet
7804,54900,Krabi
7805,54900,Narathiwat
7806,54900,Naratives
7807,54900,Patani
7808,54900,Pattani
7809,54900,Satahib
7810,54900,Satahip
7811,54900,Sattahip
7812,54900,All Other Thailand Ports
7813,54900,Chuk Samet
7814,54900,Krabi
7815,54900,Narathiwat
7816,54900,Naratives
7817,54900,Patani
7818,54900,Pattani
7819,54900,Satahib
7820,54900,Satahip
7821,54900,Sattahip
7822,54901,Bangkok
7823,54901,Bangkok
7824,54902,Ao Phuket
7825,54902,Ban Tha Rua
7826,54902,Bhuket
7827,54902,Phuket
7828,54902,Ao Phuket/Ban Tha Rua/Bhuket/Phuket
7829,54902,Ao Phuket
7830,54902,Ban Tha Rua
7831,54902,Bhuket
7832,54902,Phuket
7833,54902,Ao Phuket/Ban Tha Rua/Bhuket/Phuket
7834,54903,Map Ta Phut
7835,54903,Rayang
7836,54903,Rayong
7837,54903,Map Ta Phut/Rayang/Rayong
7838,54903,Map Ta Phut
7839,54903,Rayang
7840,54903,Rayong
7841,54903,Map Ta Phut/Rayang/Rayong
7842,54905,Sri Racha
7843,54905,Sriracha
7844,54905,Sri Racha/Sriracha
7845,54905,Sri Racha
7846,54905,Sriracha
7847,54905,Sri Racha/Sriracha
7848,54920,Ko Sichang
7849,54920,Ko Sichang
7850,54927,Songkhla
7851,54927,Songkhla Harbor
7852,54927,Songkhla/Songkhla Harbor
7853,54927,Songkhla
7854,54927,Songkhla Harbor
7855,54927,Songkhla/Songkhla Harbor
7856,54929,Katang
7857,54929,Katang
7858,54930,Laem Chabang
7859,54930,Laem Chabang
7860,55200,All Other Viet Nam Ports
7861,55200,Port Redon
7862,55200,All Other Viet Nam Ports
7863,55200,Port Redon
7864,55201,Hai Phong
7865,55201,Haiphong
7866,55201,Hai Phong/Haiphong
7867,55201,Hai Phong
7868,55201,Haiphong
7869,55201,Hai Phong/Haiphong
7870,55202,Hon Gai
7871,55202,Hon Gay
7872,55202,Hon Gai/Hon Gay
7873,55202,Hon Gai
7874,55202,Hon Gay
7875,55202,Hon Gai/Hon Gay
7876,55204,Da Nang
7877,55204,Tourane
7878,55204,Da Nang/Tourane
7879,55204,Da Nang
7880,55204,Tourane
7881,55204,Da Nang/Tourane
7882,55205,Cam Pha
7883,55205,Port Campha
7884,55205,Cam Pha/Port Campha
7885,55205,Cam Pha
7886,55205,Port Campha
7887,55205,Cam Pha/Port Campha
7888,55206,Vung Tau
7889,55206,Vung Tau
7890,55207,Cam Rahn Bay
7891,55207,Cam Ranh Bay
7892,55207,Cam Rahn Bay/Cam Ranh Bay
7893,55207,Cam Rahn Bay
7894,55207,Cam Ranh Bay
7895,55207,Cam Rahn Bay/Cam Ranh Bay
7896,55208,Nha Trang
7897,55208,Nha Trang
7898,55224,Ho Chi Minh City
7899,55224,Saigon
7900,55224,Thanh Pho Ho Chi Minh
7901,55224,Ho Chi Minh City/Saigon/Thanh Pho Ho Chi Minh
7902,55224,Ho Chi Minh City
7903,55224,Saigon
7904,55224,Thanh Pho Ho Chi Minh
7905,55224,Ho Chi Minh City/Saigon/Thanh Pho Ho Chi Minh
7906,55500,All Ports in Cambodia
7907,55500,Kampong Saom
7908,55500,Kampot
7909,55500,Phnom Penh
7910,55500,Sihanoukville
7911,55500,All Ports in Cambodia
7912,55500,Kampong Saom
7913,55500,Kampot
7914,55500,Phnom Penh
7915,55500,Sihanoukville
7916,55700,All Other Malaysia Ports
7917,55700,Malacca
7918,55700,Melaka
7919,55700,Port Weld
7920,55700,Sejingkat
7921,55700,Sijingkat
7922,55700,Tanjong Mani
7923,55700,Tawao
7924,55700,Tawau
7925,55700,All Other Malaysia Ports
7926,55700,Malacca
7927,55700,Melaka
7928,55700,Port Weld
7929,55700,Sejingkat
7930,55700,Sijingkat
7931,55700,Tanjong Mani
7932,55700,Tawao
7933,55700,Tawau
7934,55705,Butterworth
7935,55705,Butterworth
7936,55706,Sandakan
7937,55706,Sandakan
7938,55707,Johore
7939,55707,Johore Bahru
7940,55707,Pasir Gudang
7941,55707,Johore/Johore Bahru/Pasir Gudang
7942,55707,Johore
7943,55707,Johore Bahru
7944,55707,Pasir Gudang
7945,55707,Johore/Johore Bahru/Pasir Gudang
7946,55709,Lumut
7947,55709,Pulau Lumut
7948,55709,Lumut/Pulau Lumut
7949,55709,Lumut
7950,55709,Pulau Lumut
7951,55709,Lumut/Pulau Lumut
7952,55711,Kuala Terengganu
7953,55711,Kuala Terengganu
7954,55713,Kuching
7955,55713,Kuching
7956,55715,Kuantan
7957,55715,Kuantan
7958,55716,Kereth
7959,55716,Kereth
7960,55717,Labuan
7961,55717,Victoria
7962,55717,Labuan/Victoria
7963,55717,Labuan
7964,55717,Victoria
7965,55717,Labuan/Victoria
7966,55725,Lahad Datu
7967,55725,Lahad Datu
7968,55731,Miri
7969,55731,Miri
7970,55732,Bintula
7971,55732,Bintula
7972,55735,Penang
7973,55735,Pinang
7974,55735,Penang/Pinang
7975,55735,Penang
7976,55735,Pinang
7977,55735,Penang/Pinang
7978,55742,Kuala Selangor
7979,55742,Selangor
7980,55742,Kuala Selangor/Selangor
7981,55742,Kuala Selangor
7982,55742,Selangor
7983,55742,Kuala Selangor/Selangor
7984,55750,Tanjung Pelepas
7985,55750,Tanjung Pelepas
7986,55751,Kajang
7987,55751,Kelang
7988,55751,Port Kelang
7989,55751,Port Swettenham
7990,55751,Kajang/Kelang/Port Kelang/Port Swettenham
7991,55751,Kajang
7992,55751,Kelang
7993,55751,Port Kelang
7994,55751,Port Swettenham
7995,55751,Kajang/Kelang/Port Kelang/Port Swettenham
7996,55752,Kota Kinabalu
7997,55752,Kota Kinabalu
7998,55753,Port Dickson
7999,55753,Port Dickson
8000,55900,All Other Singapore Ports
8001,55900,Serangoon Harbor
8002,55900,All Other Singapore Ports
8003,55900,Serangoon Harbor
8004,55901,Pulau Sebarok
8005,55901,Sebarok
8006,55901,Pulau Sebarok/Sebarok
8007,55901,Pulau Sebarok
8008,55901,Sebarok
8009,55901,Pulau Sebarok/Sebarok
8010,55950,Pulau Bukom
8011,55950,Pulum Bukum
8012,55950,Pulau Bukom/Pulum Bukum
8013,55950,Pulau Bukom
8014,55950,Pulum Bukum
8015,55950,Pulau Bukom/Pulum Bukum
8016,55976,Singapore
8017,55976,Singapore
8018,56000,All Other Indonesia Ports
8019,56000,Malili
8020,56000,Salawati
8021,56000,Tanjunguban
8022,56000,All Other Indonesia Ports
8023,56000,Malili
8024,56000,Salawati
8025,56000,Tanjunguban
8026,56001,Beliling
8027,56001,Buleleng
8028,56001,Beliling/Buleleng
8029,56001,Beliling
8030,56001,Buleleng
8031,56001,Beliling/Buleleng
8032,56002,Benoa
8033,56002,Benoa
8034,56003,Muntok
8035,56003,Muntok
8036,56004,Pangkal Balam
8037,56004,Pangkalpinang
8038,56004,Pangkol
8039,56004,Pangkal Balam/Pangkalpinang/Pangkol
8040,56004,Pangkal Balam
8041,56004,Pangkalpinang
8042,56004,Pangkol
8043,56004,Pangkal Balam/Pangkalpinang/Pangkol
8044,56005,Tanjong Pandan
8045,56005,Tanjungpandan
8046,56005,Tanjong Pandan/Tanjungpandan
8047,56005,Tanjong Pandan
8048,56005,Tanjungpandan
8049,56005,Tanjong Pandan/Tanjungpandan
8050,56006,Attaka
8051,56006,Attaka
8052,56007,Balikpapan
8053,56007,Balikpapan
8054,56009,Senipah Terminal
8055,56009,Senipah Terminal
8056,56010,Lawe Lawe Terminal
8057,56010,Lawe Lawe Terminal
8058,56011,Pontianak
8059,56011,Pontianak
8060,56012,Samarinda
8061,56012,Samarinda
8062,56013,Banjarmasin
8063,56013,Banjer Masin
8064,56013,Banjarmasin/Banjer Masin
8065,56013,Banjarmasin
8066,56013,Banjer Masin
8067,56013,Banjarmasin/Banjer Masin
8068,56016,Santan Terminal
8069,56016,Santan Terminal
8070,56017,Sibuco Bay
8071,56017,Sibuco Bay
8072,56018,Tarakan
8073,56018,Tarakan Island
8074,56018,Tarakan/Tarakan Island
8075,56018,Tarakan
8076,56018,Tarakan Island
8077,56018,Tarakan/Tarakan Island
8078,56019,Alluth Kalimantan
8079,56019,Katawaringin
8080,56019,Alluth Kalimantan/Katawaringin
8081,56019,Alluth Kalimantan
8082,56019,Katawaringin
8083,56019,Alluth Kalimantan/Katawaringin
8084,56020,All Other Kalimantan Ports
8085,56020,Borneo
8086,56020,Kalimantan
8087,56020,Sambas
8088,56020,Singkawang
8089,56020,Stagen
8090,56020,All Other Kalimantan Ports
8091,56020,Borneo
8092,56020,Kalimantan
8093,56020,Sambas
8094,56020,Singkawang
8095,56020,Stagen
8096,56021,Sukarnapura
8097,56021,Sukarnapura
8098,56022,Kendiri
8099,56022,Kendiri
8100,56023,Kasim
8101,56023,Sorong
8102,56023,Kasim/Sorong
8103,56023,Kasim
8104,56023,Sorong
8105,56023,Kasim/Sorong
8106,56025,All Other West New Guinea Ports
8107,56025,All Other West New Guinea Ports
8108,56027,Macassar
8109,56027,Makassar
8110,56027,Ujung Pandang
8111,56027,Macassar/Makassar/Ujung Pandang
8112,56027,Macassar
8113,56027,Makassar
8114,56027,Ujung Pandang
8115,56027,Macassar/Makassar/Ujung Pandang
8116,56028,Bitung
8117,56028,Bitung
8118,56030,All Other Sulawesi Ports
8119,56030,Gorontalo
8120,56030,Manado
8121,56030,All Other Sulawesi Ports
8122,56030,Gorontalo
8123,56030,Manado
8124,56033,Djakarta
8125,56033,Jakarta
8126,56033,Tanjung Priok
8127,56033,Djakarta/Jakarta/Tanjung Priok
8128,56033,Djakarta
8129,56033,Jakarta
8130,56033,Tanjung Priok
8131,56033,Djakarta/Jakarta/Tanjung Priok
8132,56034,Gresik
8133,56034,Gresik
8134,56035,Cheribon
8135,56035,Cirebon
8136,56035,Tjirebon
8137,56035,Cheribon/Cirebon/Tjirebon
8138,56035,Cheribon
8139,56035,Cirebon
8140,56035,Tjirebon
8141,56035,Cheribon/Cirebon/Tjirebon
8142,56036,Cilacap
8143,56036,Tjilatjap
8144,56036,Cilacap/Tjilatjap
8145,56036,Cilacap
8146,56036,Tjilatjap
8147,56036,Cilacap/Tjilatjap
8148,56037,Cinta Terminal
8149,56037,Cinta Terminal
8150,56038,Lalang Terminal
8151,56038,Lalang Terminal
8152,56039,Merak
8153,56039,Merak
8154,56040,Arjuna Terminal
8155,56040,Arjuna Terminal
8156,56041,Ampenan
8157,56041,Lembar
8158,56041,Ampenan/Lembar
8159,56041,Ampenan
8160,56041,Lembar
8161,56041,Ampenan/Lembar
8162,56042,Balongan Terminal
8163,56042,Balongan Terminal
8164,56043,Panarukan
8165,56043,Panarukan
8166,56045,Palu
8167,56045,Pantoloan
8168,56045,Palu/Pantoloan
8169,56045,Palu
8170,56045,Pantoloan
8171,56045,Palu/Pantoloan
8172,56051,Semarang
8173,56051,Semarang
8174,56053,Soerabaja
8175,56053,Soerabaya
8176,56053,Suerbaja
8177,56053,Surabaia
8178,56053,Surabaja
8179,56053,Surabaya
8180,56053,Soerabaja/Soerabaya/Suerbaja/Surabaia/Surabaja/Surabaya
8181,56053,Soerabaja
8182,56053,Soerabaya
8183,56053,Suerbaja
8184,56053,Surabaia
8185,56053,Surabaja
8186,56053,Surabaya
8187,56053,Soerabaja/Soerabaya/Suerbaja/Surabaia/Surabaja/Surabaya
8188,56055,Tegal
8189,56055,Tegal
8190,56056,Cigading
8191,56056,Cigading
8192,56058,All Other Java Ports
8193,56058,Banjuwangi
8194,56058,Banyuwangi
8195,56058,Kali Pekalongan
8196,56058,Pasuruan
8197,56058,Pekalongan
8198,56058,Probolinggo
8199,56058,All Other Java Ports
8200,56058,Banjuwangi
8201,56058,Banyuwangi
8202,56058,Kali Pekalongan
8203,56058,Pasuruan
8204,56058,Pekalongan
8205,56058,Probolinggo
8206,56064,All Moluccas Ports
8207,56064,Ambon
8208,56064,Aru Bay
8209,56064,Morotai
8210,56064,Ternate
8211,56064,All Moluccas Ports
8212,56064,Ambon
8213,56064,Aru Bay
8214,56064,Morotai
8215,56064,Ternate
8216,56065,Pulau Sambu
8217,56065,Pulau Sambu
8218,56066,Kidjang
8219,56066,Sungai Kolak
8220,56066,Kidjang/Sungai Kolak
8221,56066,Kidjang
8222,56066,Sungai Kolak
8223,56066,Kidjang/Sungai Kolak
8224,56067,Timor
8225,56067,Timor
8226,56073,Belawan
8227,56073,Belawan
8228,56074,Bima
8229,56074,Bima Terminal
8230,56074,Bima/Bima Terminal
8231,56074,Bima
8232,56074,Bima Terminal
8233,56074,Bima/Bima Terminal
8234,56075,Dumai
8235,56075,Dumai
8236,56076,Kuala Tanjung
8237,56076,Kuala Tanjung
8238,56077,Bontang
8239,56077,Bontang Bay
8240,56077,Bontang/Bontang Bay
8241,56077,Bontang
8242,56077,Bontang Bay
8243,56077,Bontang/Bontang Bay
8244,56078,Djambi
8245,56078,Jambi
8246,56078,Djambi/Jambi
8247,56078,Djambi
8248,56078,Jambi
8249,56078,Djambi/Jambi
8250,56079,Bengkulu
8251,56079,Bengkulu
8252,56081,Padang
8253,56081,Teluk Bayur
8254,56081,Padang/Teluk Bayur
8255,56081,Padang
8256,56081,Teluk Bayur
8257,56081,Padang/Teluk Bayur
8258,56083,Palembang
8259,56083,Palembang
8260,56085,Pangkalan Brandan
8261,56085,Pangkalan Susu
8262,56085,Pangkalan Brandan/Pangkalan Susu
8263,56085,Pangkalan Brandan
8264,56085,Pangkalan Susu
8265,56085,Pangkalan Brandan/Pangkalan Susu
8266,56087,Plaju
8267,56087,Plaju
8268,56097,Pandjang
8269,56097,Pandjang
8270,56099,All Other Sumatra Ports
8271,56099,Belinju
8272,56099,Belinyu
8273,56099,Blang Lancang
8274,56099,Dabo
8275,56099,Lhokseumawe
8276,56099,Sabang
8277,56099,Sibolga
8278,56099,Singkep Island
8279,56099,Soengaigerong
8280,56099,Songei Gerong
8281,56099,Sungai Pakning
8282,56099,Sungaigerong
8283,56099,Sungaipakning
8284,56099,Sungei Pakning
8285,56099,All Other Sumatra Ports
8286,56099,Belinju
8287,56099,Belinyu
8288,56099,Blang Lancang
8289,56099,Dabo
8290,56099,Lhokseumawe
8291,56099,Sabang
8292,56099,Sibolga
8293,56099,Singkep Island
8294,56099,Soengaigerong
8295,56099,Songei Gerong
8296,56099,Sungai Pakning
8297,56099,Sungaigerong
8298,56099,Sungaipakning
8299,56099,Sungei Pakning
8300,56100,All Other Brunei Ports
8301,56100,Lumut
8302,56100,All Other Brunei Ports
8303,56100,Lumut
8304,56150,Seria
8305,56150,Seria
8306,56151,Muara Port
8307,56151,Muara Port
8308,56500,All Other Philippines Ports
8309,56500,Aras‑Asan
8310,56500,Bacalod
8311,56500,Bogo
8312,56500,Bulan
8313,56500,Cabadbaran
8314,56500,Cadiz
8315,56500,Calapan
8316,56500,Castanas
8317,56500,Catabangan
8318,56500,Catanuan
8319,56500,Claveria
8320,56500,Coron
8321,56500,Cotabato
8322,56500,Dahican
8323,56500,Dahikan
8324,56500,Dahikan Bay
8325,56500,Dipolog
8326,56500,Donsol
8327,56500,Gasan
8328,56500,General MacArthur
8329,56500,Gingoog
8330,56500,Hinigaran
8331,56500,Jagna
8332,56500,Jimenez
8333,56500,Jolo
8334,56500,Kolambugan
8335,56500,Lamon Anchorage
8336,56500,Larap Bay
8337,56500,Lebak
8338,56500,Leyte
8339,56500,Lianga
8340,56500,Maco
8341,56500,Magallanes
8342,56500,Makar
8343,56500,Malitbog
8344,56500,Mambulao
8345,56500,Mangarin
8346,56500,Margosatubig
8347,56500,Masao
8348,56500,Masbate
8349,56500,Mauban
8350,56500,Medina
8351,56500,Mercedes
8352,56500,Naga
8353,56500,Nalunga Island
8354,56500,Nasipit
8355,56500,Nasugbu
8356,56500,Nonoc Island
8357,56500,Odiongan
8358,56500,Olutanga Island
8359,56500,Oroquieta
8360,56500,Pambujan Sur
8361,56500,Panagan
8362,56500,Pinamalayan
8363,56500,Plaridel
8364,56500,Polillo
8365,56500,Pontevedra
8366,56500,Poro Island
8367,56500,Port Holland
8368,56500,Puerto Real
8369,56500,Romblon Island
8370,56500,San Jose de Buenavista
8371,56500,Santa Cruz (Davao Gulf)
8372,56500,Santa Maria
8373,56500,Sarangani Bay
8374,56500,Sarangani Island
8375,56500,Sepaco
8376,56500,Siain
8377,56500,Siete Pecados
8378,56500,Silay
8379,56500,Sorsogon
8380,56500,Surigao
8381,56500,Tagbilaran
8382,56500,Tagubanham Island
8383,56500,Tagum
8384,56500,Taisan
8385,56500,Talomo
8386,56500,Victorias
8387,56500,Virac
8388,56500,Vito
8389,56500,All Other Philippines Ports
8390,56500,Aras-Asan
8391,56500,Bacalod
8392,56500,Bogo
8393,56500,Bulan
8394,56500,Cabadbaran
8395,56500,Cadiz
8396,56500,Calapan
8397,56500,Castanas
8398,56500,Catabangan
8399,56500,Catanuan
8400,56500,Claveria
8401,56500,Coron
8402,56500,Cotabato
8403,56500,Dahican
8404,56500,Dahikan
8405,56500,Dahikan Bay
8406,56500,Dipolog
8407,56500,Donsol
8408,56500,Gasan
8409,56500,General MacArthur
8410,56500,Gingoog
8411,56500,Hinigaran
8412,56500,Jagna
8413,56500,Jimenez
8414,56500,Jolo
8415,56500,Kolambugan
8416,56500,Lamon Anchorage
8417,56500,Larap Bay
8418,56500,Lebak
8419,56500,Leyte
8420,56500,Lianga
8421,56500,Maco
8422,56500,Magallanes
8423,56500,Makar
8424,56500,Malitbog
8425,56500,Mambulao
8426,56500,Mangarin
8427,56500,Margosatubig
8428,56500,Masao
8429,56500,Masbate
8430,56500,Mauban
8431,56500,Medina
8432,56500,Mercedes
8433,56500,Naga
8434,56500,Nalunga Island
8435,56500,Nasipit
8436,56500,Nasugbu
8437,56500,Nonoc Island
8438,56500,Odiongan
8439,56500,Olutanga Island
8440,56500,Oroquieta
8441,56500,Pambujan Sur
8442,56500,Panagan
8443,56500,Pinamalayan
8444,56500,Plaridel
8445,56500,Polillo
8446,56500,Pontevedra
8447,56500,Poro Island
8448,56500,Port Holland
8449,56500,Puerto Real
8450,56500,Romblon Island
8451,56500,San Jose de Buenavista
8452,56500,Santa Cruz (Davao Gulf)
8453,56500,Santa Maria
8454,56500,Sarangani Bay
8455,56500,Sarangani Island
8456,56500,Sepaco
8457,56500,Siain
8458,56500,Siete Pecados
8459,56500,Silay
8460,56500,Sorsogon
8461,56500,Surigao
8462,56500,Tagbilaran
8463,56500,Tagubanham Island
8464,56500,Tagum
8465,56500,Taisan
8466,56500,Talomo
8467,56500,Victorias
8468,56500,Virac
8469,56500,Vito
8470,56503,Bais
8471,56503,Bais
8472,56504,Bauan
8473,56504,Bauan
8474,56506,Batangas
8475,56506,Batangas
8476,56507,Bataan
8477,56507,Bataan
8478,56508,Bislig
8479,56508,Bislig
8480,56513,Butuan
8481,56513,Butuan
8482,56514,Buayan
8483,56514,Cagayan de Oro
8484,56514,Buayan/Cagayan de Oro
8485,56514,Buayan
8486,56514,Cagayan de Oro
8487,56514,Buayan/Cagayan de Oro
8488,56520,Cebu
8489,56520,Sangi
8490,56520,Cebu/Sangi
8491,56520,Cebu
8492,56520,Sangi
8493,56520,Cebu/Sangi
8494,56522,Dadiangas
8495,56522,Dadiangas
8496,56523,Davao
8497,56523,Davao
8498,56525,Dumaguete
8499,56525,Dumaguete
8500,56530,Hondagua
8501,56530,Hondagua
8502,56531,Iligan
8503,56531,Iligan
8504,56532,Iloilo
8505,56532,Iloilo
8506,56542,Legaspi
8507,56542,Legaspi
8508,56545,Mariveles
8509,56545,Mariveles
8510,56549,Manila
8511,56549,Manila
8512,56552,Masinloc
8513,56552,Masinloc
8514,56554,Maseru
8515,56554,Maseru
8516,56556,Misamis
8517,56556,Port Ozamis
8518,56556,Misamis/Port Ozamis
8519,56556,Misamis
8520,56556,Port Ozamis
8521,56556,Misamis/Port Ozamis
8522,56569,Pulupandan
8523,56569,Pulupandan
8524,56578,Poro
8525,56578,San Fernando
8526,56578,Poro/San Fernando
8527,56578,Poro
8528,56578,San Fernando
8529,56578,Poro/San Fernando
8530,56585,Olongapo
8531,56585,Subic Bay
8532,56585,Olongapo/Subic Bay
8533,56585,Olongapo
8534,56585,Subic Bay
8535,56585,Olongapo/Subic Bay
8536,56588,Tabaco
8537,56588,Tabaco
8538,56589,Tacloban
8539,56589,Tacloban
8540,56590,Isabel
8541,56590,Isabel
8542,56591,Jose Panganiban
8543,56591,Jose Panganiban
8544,56592,Limay
8545,56592,Limay
8546,56593,Santa Cruz
8547,56593,Santa Cruz
8548,56594,Tandoc
8549,56594,Tandoc
8550,56597,Zamboanga
8551,56597,Zamboanga
8552,56649,Macao
8553,56649,Macau
8554,56649,Makao
8555,56649,Macao/Macau/Makao
8556,56649,Macao
8557,56649,Macau
8558,56649,Makao
8559,56649,Macao/Macau/Makao
8560,56805,"Male, Male Island"
8561,56805,"Male, Male Island"
8562,56899,"All Other Southern Asia, N.E.C. Ports"
8563,56899,"All Other Southern Asia, N.E.C. Ports"
8564,57000,All Other Peoples Republic of China Ports
8565,57000,Chang Sha
8566,57000,Chen Chiang
8567,57000,Cheng Ling Chi
8568,57000,Chenglin
8569,57000,Chenglingji
8570,57000,Ching Kiang
8571,57000,Chinkiang
8572,57000,Hu lu Tao
8573,57000,Huludao Gang
8574,57000,Hulutao
8575,57000,Jiangmen
8576,57000,Jiu Jiang
8577,57000,Kiukiang
8578,57000,Newchang
8579,57000,Newchwang
8580,57000,Pei hai Anchorage
8581,57000,Ryojun Ko
8582,57000,Wei hai
8583,57000,Weihai
8584,57000,Wu Hu
8585,57000,Wuhu
8586,57000,All Other Peoples Republic of China Ports
8587,57000,Chang Sha
8588,57000,Chen Chiang
8589,57000,Cheng Ling Chi
8590,57000,Chenglin
8591,57000,Chenglingji
8592,57000,Ching Kiang
8593,57000,Chinkiang
8594,57000,Hu lu Tao
8595,57000,Huludao Gang
8596,57000,Hulutao
8597,57000,Jiangmen
8598,57000,Jiu Jiang
8599,57000,Kiukiang
8600,57000,Newchang
8601,57000,Newchwang
8602,57000,Pei hai Anchorage
8603,57000,Ryojun Ko
8604,57000,Wei hai
8605,57000,Weihai
8606,57000,Wu Hu
8607,57000,Wuhu
8608,57003,Basuo
8609,57003,Dongfeng
8610,57003,Basuo/Dongfeng
8611,57003,Basuo
8612,57003,Dongfeng
8613,57003,Basuo/Dongfeng
8614,57005,Beilun
8615,57005,Beilun
8616,57009,Chen Huang Tao
8617,57009,Chin Wang Tao
8618,57009,Chin Wangtao
8619,57009,Qinhuangdao Gang
8620,57009,Chen Huang Tao/Chin Wang Tao/Chin Wangtao/Qinhuangdao Gang
8621,57009,Chen Huang Tao
8622,57009,Chin Wang Tao
8623,57009,Chin Wangtao
8624,57009,Qinhuangdao Gang
8625,57009,Chen Huang Tao/Chin Wang Tao/Chin Wangtao/Qinhuangdao Gang
8626,57012,Haikou
8627,57012,Haikou
8628,57013,Hankow
8629,57013,Wuhan
8630,57013,Hankow/Wuhan
8631,57013,Hankow
8632,57013,Wuhan
8633,57013,Hankow/Wuhan
8634,57014,Nan Ching
8635,57014,Nanjing
8636,57014,Nanking
8637,57014,Nan Ching/Nanjing/Nanking
8638,57014,Nan Ching
8639,57014,Nanjing
8640,57014,Nanking
8641,57014,Nan Ching/Nanjing/Nanking
8642,57015,Foochou
8643,57015,Foochow
8644,57015,Fuchou
8645,57015,Fuzhou
8646,57015,Foochou/Foochow/Fuchou/Fuzhou
8647,57015,Foochou
8648,57015,Foochow
8649,57015,Fuchou
8650,57015,Fuzhou
8651,57015,Foochou/Foochow/Fuchou/Fuzhou
8652,57016,Bei Jao
8653,57016,Bei Jao
8654,57017,Dagu/Tanggu
8655,57017,Hsin Kang
8656,57017,Hsinkang
8657,57017,Xingang
8658,57017,Dagu/Tanggu/Hsin Kang/Hsinkang/Xingang
8659,57017,Dagu/Tanggu
8660,57017,Hsin Kang
8661,57017,Hsinkang
8662,57017,Xingang
8663,57017,Dagu/Tanggu/Hsin Kang/Hsinkang/Xingang
8664,57018,Shekou
8665,57018,Shekou
8666,57020,Ning Bo
8667,57020,Ningpo
8668,57020,Ning Bo/Ningpo
8669,57020,Ning Bo
8670,57020,Ningpo
8671,57020,Ning Bo/Ningpo
8672,57021,Wenzhow
8673,57021,Wenzhow
8674,57022,Huizhou
8675,57022,Huizhou
8676,57024,Rizhao
8677,57024,Rizhao
8678,57025,Lianyungang
8679,57025,Lien Yin Chiang
8680,57025,Lianyungang/Lien Yin Chiang
8681,57025,Lianyungang
8682,57025,Lien Yin Chiang
8683,57025,Lianyungang/Lien Yin Chiang
8684,57030,Tanjiajing
8685,57030,Tanjiajing
8686,57035,Shang hai
8687,57035,Shanghai
8688,57035,Shang hai/Shanghai
8689,57035,Shang hai
8690,57035,Shanghai
8691,57035,Shang hai/Shanghai
8692,57037,Yangshan
8693,57043,Tianjin
8694,57043,Tianjinxin Gang
8695,57043,Tienching
8696,57043,Tientsin
8697,57043,Tianjin/Tianjinxin Gang/Tienching/Tientsin
8698,57043,Tianjin
8699,57043,Tianjinxin Gang
8700,57043,Tienching
8701,57043,Tientsin
8702,57043,Tianjin/Tianjinxin Gang/Tienching/Tientsin
8703,57044,Fang Cheng
8704,57044,Fangcheng
8705,57044,Fang Cheng/Fangcheng
8706,57044,Fang Cheng
8707,57044,Fangcheng
8708,57044,Fang Cheng/Fangcheng
8709,57047,Ching Tao
8710,57047,Qingdao
8711,57047,Quingdao
8712,57047,Tsingtao
8713,57047,Ching Tao/Qingdao/Quingdao/Tsingtao
8714,57047,Ching Tao
8715,57047,Qingdao
8716,57047,Quingdao
8717,57047,Tsingtao
8718,57047,Ching Tao/Qingdao/Quingdao/Tsingtao
8719,57051,Dairen
8720,57051,Dalian
8721,57051,Luda
8722,57051,Dairen/Dalian/Luda
8723,57051,Dairen
8724,57051,Dalian
8725,57051,Luda
8726,57051,Dairen/Dalian/Luda
8727,57052,Lu Shun
8728,57052,Lushun
8729,57052,Port Arthur
8730,57052,Lu Shun/Lushun/Port Arthur
8731,57052,Lu Shun
8732,57052,Lushun
8733,57052,Port Arthur
8734,57052,Lu Shun/Lushun/Port Arthur
8735,57053,Yingkou
8736,57053,Yingkou
8737,57055,Chefoo
8738,57055,Yantai
8739,57055,Yentai
8740,57055,Chefoo/Yantai/Yentai
8741,57055,Chefoo
8742,57055,Yantai
8743,57055,Yentai
8744,57055,Chefoo/Yantai/Yentai
8745,57056,Dongguan
8746,57056,Dongguan
8747,57067,Chiwan
8748,57067,Chiwan
8749,57069,Amoy
8750,57069,Hsia Men
8751,57069,Xiamen
8752,57069,Amoy/Hsia Men/Xiamen
8753,57069,Amoy
8754,57069,Hsia Men
8755,57069,Xiamen
8756,57069,Amoy/Hsia Men/Xiamen
8757,57070,San T Ou
8758,57070,Shan T ou
8759,57070,Shantou
8760,57070,Swatou
8761,57070,Swatow
8762,57070,San T Ou/Shan T ou/Shantou/Swatou/Swatow
8763,57070,San T Ou
8764,57070,Shan T ou
8765,57070,Shantou
8766,57070,Swatou
8767,57070,Swatow
8768,57070,San T Ou/Shan T ou/Shantou/Swatou/Swatow
8769,57071,Guangzhou
8770,57071,Quangzhou
8771,57071,Quanzhou
8772,57071,Guangzhou/Quangzhou/Quanzhou
8773,57071,Guangzhou
8774,57071,Quangzhou
8775,57071,Quanzhou
8776,57071,Guangzhou/Quangzhou/Quanzhou
8777,57072,Huangpu
8778,57072,Whampoa
8779,57072,Huangpu/Whampoa
8780,57072,Huangpu
8781,57072,Whampoa
8782,57072,Huangpu/Whampoa
8783,57073,Nansha
8784,57074,Nantong
8785,57074,Nantong
8786,57075,Tsamkong
8787,57075,Zhangjiagang
8788,57075,Zhanjiang
8789,57075,Zhanjiang gang
8790,57075,Zhenjiang
8791,57075,Tsamkong/Zhangjiagang/Zhanjiang/Zhanjiang gang/Zhenjiang
8792,57075,Tsamkong
8793,57075,Zhangjiagang
8794,57075,Zhanjiang
8795,57075,Zhanjiang gang
8796,57075,Zhenjiang
8797,57075,Tsamkong/Zhangjiagang/Zhanjiang/Zhanjiang gang/Zhenjiang
8798,57076,Bei Hai
8799,57076,Beihai
8800,57076,Pakho
8801,57076,Pakhoi
8802,57076,Bei Hai/Beihai/Pakho/Pakhoi
8803,57076,Bei Hai
8804,57076,Beihai
8805,57076,Pakho
8806,57076,Pakhoi
8807,57076,Bei Hai/Beihai/Pakho/Pakhoi
8808,57077,Jiuzhou
8809,57077,Zhuhai
8810,57077,Jiuzhou/Zhuhai
8811,57077,Jiuzhou
8812,57077,Zhuhai
8813,57077,Jiuzhou/Zhuhai
8814,57078,Yantian
8815,57078,Yantian
8816,57079,Zhongshan
8817,57079,Zhongshan
8818,57080,Jiangyin
8819,57080,Jiangyin
8820,57900,All Other North Korea Ports
8821,57900,Chinnanpo
8822,57900,Hungnam
8823,57900,Wonsan
8824,57900,All Other North Korea Ports
8825,57900,Chinnanpo
8826,57900,Hungnam
8827,57900,Wonsan
8828,57910,Onsong
8829,57910,Onsong
8830,58000,All Other South Korea Ports
8831,58000,Changhang
8832,58000,Cheju
8833,58000,All Other South Korea Ports
8834,58000,Changhang
8835,58000,Cheju
8836,58014,Bukpyung
8837,58014,Donghae
8838,58014,Tonghae
8839,58014,Bukpyung/Donghae/Tonghae
8840,58014,Bukpyung
8841,58014,Donghae
8842,58014,Tonghae
8843,58014,Bukpyung/Donghae/Tonghae
8844,58015,Chen Hai
8845,58015,Chinhae
8846,58015,Jinhae
8847,58015,Chen Hai/Chinhae/Jinhae
8848,58015,Chen Hai
8849,58015,Chinhae
8850,58015,Jinhae
8851,58015,Chen Hai/Chinhae/Jinhae
8852,58023,Busan
8853,58023,Pusan
8854,58023,Busan/Pusan
8855,58023,Busan
8856,58023,Pusan
8857,58023,Busan/Pusan
8858,58028,Gunsan
8859,58028,Kunsan
8860,58028,Kunson
8861,58028,Gunsan/Kunsan/Kunson
8862,58028,Gunsan
8863,58028,Kunsan
8864,58028,Kunson
8865,58028,Gunsan/Kunsan/Kunson
8866,58029,Inchon
8867,58029,Jinsen
8868,58029,Inchon/Jinsen
8869,58029,Inchon
8870,58029,Jinsen
8871,58029,Inchon/Jinsen
8872,58030,Daesan
8873,58030,Daesan
8874,58031,Kwangyang
8875,58031,Kwangyang
8876,58032,Pyongtaek
8877,58032,Pyungtaek
8878,58032,Pyongtaek/Pyungtaek
8879,58032,Pyongtaek
8880,58032,Pyungtaek
8881,58032,Pyongtaek/Pyungtaek
8882,58033,Masan
8883,58033,Masan
8884,58034,Okpo
8885,58034,Okpo
8886,58035,Mogpo
8887,58035,Mokpo
8888,58035,Mogpo/Mokpo
8889,58035,Mogpo
8890,58035,Mokpo
8891,58035,Mogpo/Mokpo
8892,58055,Pohang
8893,58055,Pohang Hang
8894,58055,Pohang/Pohang Hang
8895,58055,Pohang
8896,58055,Pohang Hang
8897,58055,Pohang/Pohang Hang
8898,58061,Onsan
8899,58061,Ulsan
8900,58061,Onsan/Ulsan
8901,58061,Onsan
8902,58061,Ulsan
8903,58061,Onsan/Ulsan
8904,58065,Samil
8905,58065,Yeosu
8906,58065,Yosu
8907,58065,Samil/Yeosu/Yosu
8908,58065,Samil
8909,58065,Yeosu
8910,58065,Yosu
8911,58065,Samil/Yeosu/Yosu
8912,58201,Hong Kong
8913,58201,Hong Kong
8914,58270,Kowloon
8915,58270,Kowloon
8916,58300,All Other China (Taiwan) Ports
8917,58300,All Other China (Taiwan) Ports
8918,58301,Chi Lung
8919,58301,Chilung
8920,58301,Keelung
8921,58301,Kiirun
8922,58301,Koolung
8923,58301,Shilong
8924,58301,Chi Lung/Chilung/Keelung/Kiirun/Koolung/Shilong
8925,58301,Chi Lung
8926,58301,Chilung
8927,58301,Keelung
8928,58301,Kiirun
8929,58301,Koolung
8930,58301,Shilong
8931,58301,Chi Lung/Chilung/Keelung/Kiirun/Koolung/Shilong
8932,58302,Su Ao
8933,58302,Suao
8934,58302,Su Ao/Suao
8935,58302,Su Ao
8936,58302,Suao
8937,58302,Su Ao/Suao
8938,58303,Tai Chung
8939,58303,Taichung
8940,58303,Tai Chung/Taichung
8941,58303,Tai Chung
8942,58303,Taichung
8943,58303,Tai Chung/Taichung
8944,58304,Taibei
8945,58304,Taipei
8946,58304,Taibei/Taipei
8947,58304,Taibei
8948,58304,Taipei
8949,58304,Taibei/Taipei
8950,58305,Tainan
8951,58305,Tai‑Nan
8952,58305,Tainan/Tai‑Nan
8953,58305,Tainan
8954,58305,Tai-Nan
8955,58305,Tainan/Tai-Nan
8956,58309,Kao Hsiung
8957,58309,Kaohsiung
8958,58309,Kao Hsiung/Kaohsiung
8959,58309,Kao Hsiung
8960,58309,Kaohsiung
8961,58309,Kao Hsiung/Kaohsiung
8962,58311,Tamsui
8963,58311,Tamsui
8964,58312,Hualien
8965,58312,Hualien
8966,58800,Abashiri
8967,58800,All Other Japan Ports
8968,58800,Atsumi
8969,58800,Bonin Islands
8970,58800,Ebisu
8971,58800,Handa
8972,58800,Haramaci
8973,58800,Hashihama
8974,58800,Higashi Iwase
8975,58800,Irago
8976,58800,Irago Zaki
8977,58800,Itozaki
8978,58800,Kishiwada
8979,58800,Makiyama
8980,58800,Marugame
8981,58800,Matsue
8982,58800,Matsuura
8983,58800,Mihara
8984,58800,Mitajiri
8985,58800,Nanao
8986,58800,Noshiro
8987,58800,Ogasawara‑Gunto
8988,58800,Oh
8989,58800,Omakezaki
8990,58800,Ominato
8991,58800,Onomichi
8992,58800,Saganoseki
8993,58800,Saitosaki
8994,58800,Saitozaki
8995,58800,Shibusi - Wan
8996,58800,Shikama
8997,58800,Shikamacho
8998,58800,Shimonseki
8999,58800,Tachibana
9000,58800,Takamatsu
9001,58800,Taketoyo
9002,58800,Tama
9003,58800,Tanabe
9004,58800,Tsuruga
9005,58800,Ujina
9006,58800,Wakkanai
9007,58800,Yuki
9008,58800,Yura
9009,58800,Abashiri
9010,58800,All Other Japan Ports
9011,58800,Atsumi
9012,58800,Bonin Islands
9013,58800,Ebisu
9014,58800,Handa
9015,58800,Haramaci
9016,58800,Hashihama
9017,58800,Higashi Iwase
9018,58800,Irago
9019,58800,Irago Zaki
9020,58800,Itozaki
9021,58800,Kishiwada
9022,58800,Makiyama
9023,58800,Marugame
9024,58800,Matsue
9025,58800,Matsuura
9026,58800,Mihara
9027,58800,Mitajiri
9028,58800,Nanao
9029,58800,Noshiro
9030,58800,Ogasawara-Gunto
9031,58800,Oh
9032,58800,Omakezaki
9033,58800,Ominato
9034,58800,Onomichi
9035,58800,Saganoseki
9036,58800,Saitosaki
9037,58800,Saitozaki
9038,58800,Shibusi - Wan
9039,58800,Shikama
9040,58800,Shikamacho
9041,58800,Shimonseki
9042,58800,Tachibana
9043,58800,Takamatsu
9044,58800,Taketoyo
9045,58800,Tama
9046,58800,Tanabe
9047,58800,Tsuruga
9048,58800,Ujina
9049,58800,Wakkanai
9050,58800,Yuki
9051,58800,Yura
9052,58801,Kashiwazaki
9053,58801,Kashiwazaki
9054,58802,Imari
9055,58802,Imari
9056,58803,Fukuyama
9057,58803,Fukuyama
9058,58804,Keihin
9059,58804,Keihin
9060,58805,Oita
9061,58805,Oita
9062,58806,Matsushima
9063,58806,Matsushima
9064,58807,Kagoshima
9065,58807,Kagoshima
9066,58808,Hachinohe
9067,58808,Hachinohe
9068,58809,Kanado
9069,58809,Yaene
9070,58809,Kanado/Yaene
9071,58809,Kanado
9072,58809,Yaene
9073,58809,Kanado/Yaene
9074,58810,Toyama
9075,58810,Toyama
9076,58811,Tomakomai
9077,58811,Tomakomai
9078,58812,Iyo Mishima
9079,58812,Iyoshima
9080,58812,Mishima
9081,58812,Iyo Mishima/Iyoshima/Mishima
9082,58812,Iyo Mishima
9083,58812,Iyoshima
9084,58812,Mishima
9085,58812,Iyo Mishima/Iyoshima/Mishima
9086,58813,Amagasaki
9087,58813,Amagasaki
9088,58814,Shimonoseki
9089,58814,Shimonoseki
9090,58815,Kiire
9091,58815,Kiire
9092,58816,Sasebo
9093,58816,Sasebo
9094,58817,Kita Kyushu
9095,58817,Kitakyushu
9096,58817,Kita Kyushu/Kitakyushu
9097,58817,Kita Kyushu
9098,58817,Kitakyushu
9099,58817,Kita Kyushu/Kitakyushu
9100,58818,Chiba
9101,58818,Chibako
9102,58818,Chiba/Chibako
9103,58818,Chiba
9104,58818,Chibako
9105,58818,Chiba/Chibako
9106,58819,Saiki
9107,58819,Saiki Ko
9108,58819,Saiki/Saiki Ko
9109,58819,Saiki
9110,58819,Saiki Ko
9111,58819,Saiki/Saiki Ko
9112,58820,Rumoi
9113,58820,Rumoi
9114,58821,Funabashi
9115,58821,Funabashi
9116,58822,Susaki
9117,58822,Susaki
9118,58823,Aioi
9119,58823,Aioi
9120,58824,Fushiki
9121,58824,Fushiki Toyama
9122,58824,Fushiki/Fushiki Toyama
9123,58824,Fushiki
9124,58824,Fushiki Toyama
9125,58824,Fushiki/Fushiki Toyama
9126,58825,Hakata
9127,58825,Hakata
9128,58826,Hakodate
9129,58826,Hakodate
9130,58827,Kimitsu
9131,58827,Kisarazu
9132,58827,Kisarazu Ko
9133,58827,Kimitsu/Kisarazu/Kisarazu Ko
9134,58827,Kimitsu
9135,58827,Kisarazu
9136,58827,Kisarazu Ko
9137,58827,Kimitsu/Kisarazu/Kisarazu Ko
9138,58828,Higashi Harima
9139,58828,Higashiharima Ko
9140,58828,Kakogawa
9141,58828,Higashi Harima/Higashiharima Ko/Kakogawa
9142,58828,Higashi Harima
9143,58828,Higashiharima Ko
9144,58828,Kakogawa
9145,58828,Higashi Harima/Higashiharima Ko/Kakogawa
9146,58829,Ishinomaki
9147,58829,Ishinomaki
9148,58830,Hirohata
9149,58830,Hirohata
9150,58831,Hiroshima
9151,58831,Hiroshima
9152,58832,Akita Ko
9153,58832,Akita Ko
9154,58833,Iwakuni
9155,58833,Iwakuni Ko
9156,58833,Iwakuni/Iwakuni Ko
9157,58833,Iwakuni
9158,58833,Iwakuni Ko
9159,58833,Iwakuni/Iwakuni Ko
9160,58834,Kamaishi
9161,58834,Kamaishi
9162,58835,Mogi
9163,58835,Moji
9164,58835,Mogi/Moji
9165,58835,Mogi
9166,58835,Moji
9167,58835,Mogi/Moji
9168,58836,Kanokawa
9169,58836,Kanokawa
9170,58837,Kasaoka
9171,58837,Kasaoka
9172,58838,Kawasaki
9173,58838,Kawasaki
9174,58839,Kashima
9175,58839,Kashima Ko
9176,58839,Kashima/Kashima Ko
9177,58839,Kashima
9178,58839,Kashima Ko
9179,58839,Kashima/Kashima Ko
9180,58840,Kobe
9181,58840,Kobe
9182,58841,Kokura
9183,58841,Kokura Ko
9184,58841,Kokura/Kokura Ko
9185,58841,Kokura
9186,58841,Kokura Ko
9187,58841,Kokura/Kokura Ko
9188,58842,Kawanoe
9189,58842,Kawanoe
9190,58843,Kudamatsu
9191,58843,Kudamatsu
9192,58844,Aomori
9193,58844,Kuroisha
9194,58844,Aomori/Kuroisha
9195,58844,Aomori
9196,58844,Kuroisha
9197,58844,Aomori/Kuroisha
9198,58845,Hiro
9199,58845,Kure
9200,58845,Hiro/Kure
9201,58845,Hiro
9202,58845,Kure
9203,58845,Hiro/Kure
9204,58846,Kushiro
9205,58846,Kushiro
9206,58847,Matsunaga
9207,58847,Matsunaga
9208,58848,Maizuru
9209,58848,Maizuru Ko
9210,58848,Maizuru/Maizuru Ko
9211,58848,Maizuru
9212,58848,Maizuru Ko
9213,58848,Maizuru/Maizuru Ko
9214,58849,Matsuyama
9215,58849,Matsuyama
9216,58850,Minamata
9217,58850,Umedo
9218,58850,Minamata/Umedo
9219,58850,Minamata
9220,58850,Umedo
9221,58850,Minamata/Umedo
9222,58851,Miike
9223,58851,Miike
9224,58852,Misumi
9225,58852,Misumi
9226,58853,Miya Ko
9227,58853,Miyako
9228,58853,Miyako Ko
9229,58853,Miya Ko/Miyako/Miyako Ko
9230,58853,Miya Ko
9231,58853,Miyako
9232,58853,Miyako Ko
9233,58853,Miya Ko/Miyako/Miyako Ko
9234,58854,Mizushima
9235,58854,Mizusima
9236,58854,Mizushima/Mizusima
9237,58854,Mizushima
9238,58854,Mizusima
9239,58854,Mizushima/Mizusima
9240,58855,Muroran
9241,58855,Muroran
9242,58856,Nagasaki
9243,58856,Nagasaki
9244,58857,Nagoya
9245,58857,Nagoya Ko
9246,58857,Nagoya/Nagoya Ko
9247,58857,Nagoya
9248,58857,Nagoya Ko
9249,58857,Nagoya/Nagoya Ko
9250,58858,Niihama
9251,58858,Niihama
9252,58859,Niigata
9253,58859,Niigata
9254,58860,Aia Port
9255,58860,Buckner Bay
9256,58860,Naha
9257,58860,Nakagusku Wan
9258,58860,Okinawa Island
9259,58860,Aia Port/Buckner Bay/Naha/Nakagusku Wan/Okinawa Island
9260,58860,Aia Port
9261,58860,Buckner Bay
9262,58860,Naha
9263,58860,Nakagusku Wan
9264,58860,Okinawa Island
9265,58860,Aia Port/Buckner Bay/Naha/Nakagusku Wan/Okinawa Island
9266,58861,Mutsui
9267,58861,Mutsui
9268,58862,Kanda
9269,58862,Kanda
9270,58863,Ofunato
9271,58863,Ofunato
9272,58864,Onahama
9273,58864,Onahama Ko
9274,58864,Onahama/Onahama Ko
9275,58864,Onahama
9276,58864,Onahama Ko
9277,58864,Onahama/Onahama Ko
9278,58865,Onagawa
9279,58865,Onagawa
9280,58866,Misaki
9281,58866,Osaka
9282,58866,Misaki/Osaka
9283,58866,Misaki
9284,58866,Osaka
9285,58866,Misaki/Osaka
9286,58867,Otaru
9287,58867,Otaru
9288,58868,Funagawa
9289,58868,Funakawa
9290,58868,Funakawa Ko
9291,58868,Funagawa/Funakawa/Funakawa Ko
9292,58868,Funagawa
9293,58868,Funakawa
9294,58868,Funakawa Ko
9295,58868,Funagawa/Funakawa/Funakawa Ko
9296,58869,Hitachi
9297,58869,Hitachi Ko
9298,58869,Hitaki Ko
9299,58869,Hitachi/Hitachi Ko/Hitaki Ko
9300,58869,Hitachi
9301,58869,Hitachi Ko
9302,58869,Hitaki Ko
9303,58869,Hitachi/Hitachi Ko/Hitaki Ko
9304,58870,Karatsu
9305,58870,Karatsu
9306,58871,Himeji
9307,58871,Himezi
9308,58871,Kesennuma
9309,58871,Kesennuma Ko
9310,58871,Himeji/Himezi/Kesennuma/Kesennuma Ko
9311,58871,Himeji
9312,58871,Himezi
9313,58871,Kesennuma
9314,58871,Kesennuma Ko
9315,58871,Himeji/Himezi/Kesennuma/Kesennuma Ko
9316,58872,Kinuura
9317,58872,Kinuura
9318,58873,Kochi
9319,58873,Kochi
9320,58874,Sakai
9321,58874,Sakai Ko
9322,58874,Sakai/Sakai Ko
9323,58874,Sakai
9324,58874,Sakai Ko
9325,58874,Sakai/Sakai Ko
9326,58875,Sakaide
9327,58875,Sakaide Ko
9328,58875,Sakaide/Sakaide Ko
9329,58875,Sakaide
9330,58875,Sakaide Ko
9331,58875,Sakaide/Sakaide Ko
9332,58876,Sakata
9333,58876,Sakata
9334,58877,Shiogama
9335,58877,Shiogama
9336,58878,Shimizu
9337,58878,Simizu
9338,58878,Shimizu/Simizu
9339,58878,Shimizu
9340,58878,Simizu
9341,58878,Shimizu/Simizu
9342,58879,Shimotsu
9343,58879,Simotu
9344,58879,Shimotsu/Simotu
9345,58879,Shimotsu
9346,58879,Simotu
9347,58879,Shimotsu/Simotu
9348,58880,Tagonoura
9349,58880,Tagonoura
9350,58881,Tobata
9351,58881,Tobata
9352,58882,Komatsujima
9353,58882,Komatsushima
9354,58882,Komatsujima/Komatsushima
9355,58882,Komatsujima
9356,58882,Komatsushima
9357,58882,Komatsujima/Komatsushima
9358,58883,Gamagori
9359,58883,Toyohashi
9360,58883,Toyohasi
9361,58883,Gamagori/Toyohashi/Toyohasi
9362,58883,Gamagori
9363,58883,Toyohashi
9364,58883,Toyohasi
9365,58883,Gamagori/Toyohashi/Toyohasi
9366,58884,Uno
9367,58884,Uno Ko
9368,58884,Uno/Uno Ko
9369,58884,Uno
9370,58884,Uno Ko
9371,58884,Uno/Uno Ko
9372,58885,Tokuyama
9373,58885,Tokuyama
9374,58886,Tokyo
9375,58886,Tokyo
9376,58887,Yatsushiro
9377,58887,Yatsusiro
9378,58887,Yatsushiro/Yatsusiro
9379,58887,Yatsushiro
9380,58887,Yatsusiro
9381,58887,Yatsushiro/Yatsusiro
9382,58888,Ube
9383,58888,Ube
9384,58889,Tsukumi
9385,58889,Tsukumi
9386,58890,Wakamatsu
9387,58890,Wakamatsu Ko
9388,58890,Wakamatsu/Wakamatsu Ko
9389,58890,Wakamatsu
9390,58890,Wakamatsu Ko
9391,58890,Wakamatsu/Wakamatsu Ko
9392,58891,Wakayama
9393,58891,Wakayama
9394,58892,Naoetsu
9395,58892,Naoetu
9396,58892,Naoetsu/Naoetu
9397,58892,Naoetsu
9398,58892,Naoetu
9399,58892,Naoetsu/Naoetu
9400,58893,Yawata
9401,58893,Yawata
9402,58894,Yokkaichi
9403,58894,Yokkaiti
9404,58894,Yokkaichi/Yokkaiti
9405,58894,Yokkaichi
9406,58894,Yokkaiti
9407,58894,Yokkaichi/Yokkaiti
9408,58895,Yokohama
9409,58895,Yokohama
9410,58896,Yokosuka
9411,58896,Yokosuka
9412,58897,Sendai
9413,58897,Sendai
9414,58898,Seibu
9415,58898,Seibu
9416,58899,Sodegaura
9417,58899,Sodegaura
9418,59403,Mab Ta Pud
9419,59403,Mab Ta Pud
9420,60200,Abbot Point
9421,60200,Albany
9422,60200,All Other Australia Ports
9423,60200,Bowen
9424,60200,Broome
9425,60200,Cairns
9426,60200,Lucinda
9427,60200,Milner Bay
9428,60200,Thursday Island
9429,60200,Varanus Oil Terminal
9430,60200,Wallaroo
9431,60200,Warrnambool
9432,60200,Whyalla
9433,60200,Williamstown
9434,60200,Wyndham
9435,60200,Abbot Point
9436,60200,Albany
9437,60200,All Other Australia Ports
9438,60200,Bowen
9439,60200,Broome
9440,60200,Cairns
9441,60200,Lucinda
9442,60200,Milner Bay
9443,60200,Thursday Island
9444,60200,Varanus Oil Terminal
9445,60200,Wallaroo
9446,60200,Warrnambool
9447,60200,Whyalla
9448,60200,Williamstown
9449,60200,Wyndham
9450,60201,Adelaide
9451,60201,Adelaide
9452,60204,MacKay
9453,60204,MacKay
9454,60205,Botany Bay
9455,60205,Botany Bay
9456,60210,Brisbane
9457,60210,Brisbane
9458,60212,Dalrymple Bay
9459,60212,Hay Point
9460,60212,Dalrymple Bay/Hay Point
9461,60212,Dalrymple Bay
9462,60212,Hay Point
9463,60212,Dalrymple Bay/Hay Point
9464,60213,Bunbury
9465,60213,Bunbury
9466,60214,Bundaberg
9467,60214,Bundaberg
9468,60217,Liezen
9469,60217,Liezen
9470,60218,Dampier
9471,60218,Dampier
9472,60219,Port Hedland
9473,60219,Port Hedland
9474,60220,Darwin
9475,60220,Darwin
9476,60222,Fremantle
9477,60222,Fremantle
9478,60224,Geraldton
9479,60224,Geraldton
9480,60225,Geelong
9481,60225,Geelong
9482,60227,Gove
9483,60227,Gove
9484,60231,Gladstone
9485,60231,Gladstone
9486,60234,Kwinana
9487,60234,Kwinana
9488,60237,Hasting
9489,60237,Melbourne
9490,60237,Yarraville
9491,60237,Hasting/Melbourne/Yarraville
9492,60237,Hasting
9493,60237,Melbourne
9494,60237,Yarraville
9495,60237,Hasting/Melbourne/Yarraville
9496,60239,Mourilyan Harbour
9497,60239,Mourilyan Harbour
9498,60240,Newcastle
9499,60240,Newcastle
9500,60243,Perth
9501,60243,Perth
9502,60249,Port Alma
9503,60249,Port Alma
9504,60252,Port Kembla
9505,60252,Port Kembla
9506,60258,Port Pirie
9507,60258,Port Pirie
9508,60261,Portland
9509,60261,Portland
9510,60267,Sydney
9511,60267,Sydney
9512,60273,Townsville
9513,60273,Townsville
9514,60275,Weipa
9515,60275,Weipa
9516,60276,Androssan
9517,60276,Androssan
9518,60280,Westernport
9519,60280,Westernport
9520,60281,Clarence River
9521,60281,Yamba
9522,60281,Clarence River/Yamba
9523,60281,Clarence River
9524,60281,Yamba
9525,60281,Clarence River/Yamba
9526,60282,Esperance
9527,60282,Esperance
9528,60290,Bell Bay
9529,60290,Bell Bay
9530,60291,Burnie
9531,60291,Burnie
9532,60295,Hobart
9533,60295,Hobart
9534,60297,Launceston
9535,60297,Launceston
9536,60299,All Other Tasmania Ports
9537,60299,Beauty Point
9538,60299,Devonport
9539,60299,Risdon
9540,60299,All Other Tasmania Ports
9541,60299,Beauty Point
9542,60299,Devonport
9543,60299,Risdon
9544,60400,All Other Papua New Guinea Ports
9545,60400,Finsch Harbor
9546,60400,Kavieng
9547,60400,Kavieng Harbor
9548,60400,Kieta
9549,60400,Kokopo
9550,60400,Madang
9551,60400,Salamaua
9552,60400,Salamoa
9553,60400,Samarai
9554,60400,All Other Papua New Guinea Ports
9555,60400,Finsch Harbor
9556,60400,Kavieng
9557,60400,Kavieng Harbor
9558,60400,Kieta
9559,60400,Kokopo
9560,60400,Madang
9561,60400,Salamaua
9562,60400,Salamoa
9563,60400,Samarai
9564,60431,Anewa Bay
9565,60431,Anewa Bay
9566,60432,Alotau
9567,60432,Alotau
9568,60433,Amamapare
9569,60433,Amamapare
9570,60440,Montagu
9571,60440,Uvol
9572,60440,Montagu/Uvol
9573,60440,Montagu
9574,60440,Uvol
9575,60440,Montagu/Uvol
9576,60441,Lae
9577,60441,Lae
9578,60447,Port Moresby
9579,60447,Port Moresby
9580,60449,Rabaul
9581,60449,Rabaul
9582,60450,Wewak
9583,60450,Wewak
9584,61400,All Other New Zealand Ports
9585,61400,Greymouth
9586,61400,Hawkes Bay
9587,61400,Opua
9588,61400,Picton
9589,61400,Ravensbourne
9590,61400,Stewart Island
9591,61400,Wanganui
9592,61400,Westport
9593,61400,Whakatane
9594,61400,All Other New Zealand Ports
9595,61400,Greymouth
9596,61400,Hawkes Bay
9597,61400,Opua
9598,61400,Picton
9599,61400,Ravensbourne
9600,61400,Stewart Island
9601,61400,Wanganui
9602,61400,Westport
9603,61400,Whakatane
9604,61401,Auckland
9605,61401,Auckland
9606,61403,Bluff Harbor
9607,61403,Bluff Harbor
9608,61405,Christchurch
9609,61405,Christchurch
9610,61406,Nelson
9611,61406,Nelson
9612,61407,Dunedin
9613,61407,Otago Harbor
9614,61407,Dunedin/Otago Harbor
9615,61407,Dunedin
9616,61407,Otago Harbor
9617,61407,Dunedin/Otago Harbor
9618,61408,Gisborne
9619,61408,Gisborne
9620,61415,Lyttelton
9621,61415,Port Lyttelton
9622,61415,Lyttelton/Port Lyttelton
9623,61415,Lyttelton
9624,61415,Port Lyttelton
9625,61415,Lyttelton/Port Lyttelton
9626,61416,Mangonui
9627,61416,Mount Maunganui
9628,61416,Mangonui/Mount Maunganui
9629,61416,Mangonui
9630,61416,Mount Maunganui
9631,61416,Mangonui/Mount Maunganui
9632,61419,Napier
9633,61419,Napier
9634,61423,New Plymouth
9635,61423,New Plymouth
9636,61431,Port Chalmers
9637,61431,Port Chalmers
9638,61443,Taoranga
9639,61443,Tauranga
9640,61443,Taoranga/Tauranga
9641,61443,Taoranga
9642,61443,Tauranga
9643,61443,Taoranga/Tauranga
9644,61445,Timaru
9645,61445,Timaru
9646,61447,Wellington
9647,61447,Wellington
9648,61460,Penrhyn
9649,61460,Penryn
9650,61460,Penrhyn/Penryn
9651,61460,Penrhyn
9652,61460,Penryn
9653,61460,Penrhyn/Penryn
9654,61461,Aviatu
9655,61461,Raratonga Island
9656,61461,Aviatu/Raratonga Island
9657,61461,Aviatu
9658,61461,Raratonga Island
9659,61461,Aviatu/Raratonga Island
9660,61471,Tokelau
9661,61471,Tokelau
9662,61481,Alofi
9663,61481,Niue Island
9664,61481,Alofi/Niue Island
9665,61481,Alofi
9666,61481,Niue Island
9667,61481,Alofi/Niue Island
9668,61500,All Other Western Samoa Ports
9669,61500,All Other Western Samoa Ports
9670,61501,Apia
9671,61501,Apia
9672,62200,All Solomon Islands Ports
9673,62200,Gizo
9674,62200,Honiara
9675,62200,Lofung
9676,62200,Munda
9677,62200,Tulaghi
9678,62200,Tulagi
9679,62200,Yandina
9680,62200,All Solomon Islands Ports
9681,62200,Gizo
9682,62200,Honiara
9683,62200,Lofung
9684,62200,Munda
9685,62200,Tulaghi
9686,62200,Tulagi
9687,62200,Yandina
9688,62201,Luganville
9689,62201,Luganville
9690,62207,Palikulo
9691,62207,Santo
9692,62207,Palikulo/Santo
9693,62207,Palikulo
9694,62207,Santo
9695,62207,Palikulo/Santo
9696,62209,Port Vila
9697,62209,Port Vila
9698,62211,Pitcairn Islands
9699,62211,Pitcairn Islands
9700,62215,All Gilbert Islands Ports
9701,62215,Betio
9702,62215,Butaritari
9703,62215,All Gilbert Islands Ports
9704,62215,Betio
9705,62215,Butaritari
9706,62220,Washington Island
9707,62220,Washington Island
9708,62223,English Harbor
9709,62223,English Harbor
9710,62225,Christmas Island
9711,62225,Christmas Island
9712,62227,All Caroline Islands Ports
9713,62227,All Caroline Islands Ports
9714,62231,Funafuti Atoll
9715,62231,Funafuti Atoll
9716,64100,All Other New Caledonia Ports
9717,64100,Baie de Kouaoua
9718,64100,Baie de Poro
9719,64100,Baie Ugue
9720,64100,Kouaoua
9721,64100,Poro
9722,64100,Thio
9723,64100,All Other New Caledonia Ports
9724,64100,Baie de Kouaoua
9725,64100,Baie de Poro
9726,64100,Baie Ugue
9727,64100,Kouaoua
9728,64100,Poro
9729,64100,Thio
9730,64109,Noumea
9731,64109,Noumea
9732,64131,All Wallis and Futuna Ports
9733,64131,"Mata‑Utu, Futuna"
9734,64131,"Singave, Futuna"
9735,64131,All Wallis and Futuna Ports
9736,64131,"Mata-Utu, Futuna"
9737,64131,"Singave, Futuna"
9738,64151,"Papeete, Tahiti"
9739,64151,"Papeete, Tahiti"
9740,64178,All Other Society Islands Ports
9741,64178,Bora Bora
9742,64178,Boro Boro
9743,64178,Hao
9744,64178,Raiatea Island
9745,64178,Tahaa
9746,64178,All Other Society Islands Ports
9747,64178,Bora Bora
9748,64178,Boro Boro
9749,64178,Hao
9750,64178,Raiatea Island
9751,64178,Tahaa
9752,64181,Makatea
9753,64181,Makatea
9754,64191,Marquesas Islands
9755,64191,Marquesas Islands
9756,64195,Clipperton Island
9757,64195,Clipperton Island
9758,68190,All Marshall Island Ports
9759,68190,Ebeye
9760,68190,Enewetak Atoll
9761,68190,Enewotok
9762,68190,Entwetak
9763,68190,Kwajalein
9764,68190,Majuro Atoll
9765,68190,All Marshall Island Ports
9766,68190,Ebeye
9767,68190,Enewetak Atoll
9768,68190,Enewotok
9769,68190,Entwetak
9770,68190,Kwajalein
9771,68190,Majuro Atoll
9772,68205,Chuuk
9773,68205,"Truk, Truk Islands"
9774,68205,"Chuuk/Truk, Truk Islands"
9775,68205,Chuuk
9776,68205,"Truk, Truk Islands"
9777,68205,"Chuuk/Truk, Truk Islands"
9778,68206,Kosrae
9779,68206,Kusei
9780,68206,Kosrae/Kusei
9781,68206,Kosrae
9782,68206,Kusei
9783,68206,Kosrae/Kusei
9784,68207,Pohnpei
9785,68207,Ponape
9786,68207,Pohnpei/Ponape
9787,68207,Pohnpei
9788,68207,Ponape
9789,68207,Pohnpei/Ponape
9790,68209,Yap
9791,68209,Yap
9792,68394,Koror
9793,68394,Koror
9794,68628,Savu
9795,68628,Suva
9796,68628,Suva Harbor
9797,68628,Savu/Suva/Suva Harbor
9798,68628,Savu
9799,68628,Suva
9800,68628,Suva Harbor
9801,68628,Savu/Suva/Suva Harbor
9802,68630,All Other Fiji Islands Ports
9803,68630,Labasa
9804,68630,Lambasa
9805,68630,Lautoka
9806,68630,Lautoka Harbor
9807,68630,Levuka
9808,68630,Nakama
9809,68630,Ovalau Island
9810,68630,Vatia Point
9811,68630,Vunda Point
9812,68630,All Other Fiji Islands Ports
9813,68630,Labasa
9814,68630,Lambasa
9815,68630,Lautoka
9816,68630,Lautoka Harbor
9817,68630,Levuka
9818,68630,Nakama
9819,68630,Ovalau Island
9820,68630,Vatia Point
9821,68630,Vunda Point
9822,68651,Nauru
9823,68651,Nauru
9824,68682,All Tonga Islands Ports
9825,68682,Haapai
9826,68682,Neiafu
9827,68682,Nukualofa
9828,68682,Pangai
9829,68682,All Tonga Islands Ports
9830,68682,Haapai
9831,68682,Neiafu
9832,68682,Nukualofa
9833,68682,Pangai
9834,68699,"All Other Pacific Islands, N.E.C. Ports"
9835,68699,"All Other Pacific Islands, N.E.C. Ports"
9836,71400,All Other Morocco Atlantic Region Ports
9837,71400,El Jadida
9838,71400,Essaquira
9839,71400,Kenitra
9840,71400,Larache
9841,71400,Mazagan
9842,71400,Mogador
9843,71400,Port Lyautey
9844,71400,Rabat
9845,71400,All Other Morocco Atlantic Region Ports
9846,71400,El Jadida
9847,71400,Essaquira
9848,71400,Kenitra
9849,71400,Larache
9850,71400,Mazagan
9851,71400,Mogador
9852,71400,Port Lyautey
9853,71400,Rabat
9854,71401,Casablanca
9855,71401,Casablanca
9856,71403,Agadir
9857,71403,Agadir
9858,71415,El Jorf Lasfar
9859,71415,Jorf Lasfar
9860,71415,El Jorf Lasfar/Jorf Lasfar
9861,71415,El Jorf Lasfar
9862,71415,Jorf Lasfar
9863,71415,El Jorf Lasfar/Jorf Lasfar
9864,71417,Nador
9865,71417,Nador
9866,71418,Mohammedia
9867,71418,Mohammedia
9868,71419,Saffi
9869,71419,Safi
9870,71419,Saffi/Safi
9871,71419,Saffi
9872,71419,Safi
9873,71419,Saffi/Safi
9874,71425,Tanger
9875,71425,Tangier
9876,71425,Tanger/Tangier
9877,71425,Tanger
9878,71425,Tangier
9879,71425,Tanger/Tangier
9880,71499,All Other Morocco Mediterranean Ports
9881,71499,All Other Morocco Mediterranean Ports
9882,72100,All Other Algeria Ports
9883,72100,Cherchell
9884,72100,Collo
9885,72100,Dellys
9886,72100,Djidjelli
9887,72100,Jijel
9888,72100,Mers El Kebir
9889,72100,Mestghanem
9890,72100,Mostaganem
9891,72100,Tenes
9892,72100,All Other Algeria Ports
9893,72100,Cherchell
9894,72100,Collo
9895,72100,Dellys
9896,72100,Djidjelli
9897,72100,Jijel
9898,72100,Mers El Kebir
9899,72100,Mestghanem
9900,72100,Mostaganem
9901,72100,Tenes
9902,72101,Alger
9903,72101,Algiers
9904,72101,El Djazair
9905,72101,Alger/Algiers/El Djazair
9906,72101,Alger
9907,72101,Algiers
9908,72101,El Djazair
9909,72101,Alger/Algiers/El Djazair
9910,72105,Arzew
9911,72105,Arziw
9912,72105,Bethioua
9913,72105,Arzew/Arziw/Bethioua
9914,72105,Arzew
9915,72105,Arziw
9916,72105,Bethioua
9917,72105,Arzew/Arziw/Bethioua
9918,72107,Bejaia
9919,72107,Bejaia
9920,72123,Annaba
9921,72123,Beni Saf
9922,72123,Bona
9923,72123,Bone
9924,72123,Annaba/Beni Saf/Bona/Bone
9925,72123,Annaba
9926,72123,Beni Saf
9927,72123,Bona
9928,72123,Bone
9929,72123,Annaba/Beni Saf/Bona/Bone
9930,72142,Ghazaouet
9931,72142,Ghazawet
9932,72142,Nemours
9933,72142,Ghazaouet/Ghazawet/Nemours
9934,72142,Ghazaouet
9935,72142,Ghazawet
9936,72142,Nemours
9937,72142,Ghazaouet/Ghazawet/Nemours
9938,72179,Oran
9939,72179,Wahran
9940,72179,Oran/Wahran
9941,72179,Oran
9942,72179,Wahran
9943,72179,Oran/Wahran
9944,72189,Skikda
9945,72189,Skikda
9946,72300,Al Mahdiyah
9947,72300,All Other Tunisia Ports
9948,72300,Ashtart Terminal
9949,72300,Mahedia
9950,72300,Menzel Bourguiba
9951,72300,Tabarca
9952,72300,Tabarqah
9953,72300,Al Mahdiyah
9954,72300,All Other Tunisia Ports
9955,72300,Ashtart Terminal
9956,72300,Mahedia
9957,72300,Menzel Bourguiba
9958,72300,Tabarca
9959,72300,Tabarqah
9960,72301,Banzart
9961,72301,Bizerta
9962,72301,Bizerte
9963,72301,Banzart/Bizerta/Bizerte
9964,72301,Banzart
9965,72301,Bizerta
9966,72301,Bizerte
9967,72301,Banzart/Bizerta/Bizerte
9968,72305,Gabes
9969,72305,Gabes
9970,72310,La Goulette
9971,72310,La Goulette
9972,72315,As Sukhayrah
9973,72315,La Skhira
9974,72315,La Skira
9975,72315,As Sukhayrah/La Skhira/La Skira
9976,72315,As Sukhayrah
9977,72315,La Skhira
9978,72315,La Skira
9979,72315,As Sukhayrah/La Skhira/La Skira
9980,72337,Sfax
9981,72337,Sfax
9982,72357,Sousee
9983,72357,Susa
9984,72357,Sousee/Susa
9985,72357,Sousee
9986,72357,Susa
9987,72357,Sousee/Susa
9988,72373,Tunis
9989,72373,Tunis
9990,72500,All Other Libya Ports
9991,72500,Tobruch
9992,72500,Tobruk
9993,72500,All Other Libya Ports
9994,72500,Tobruch
9995,72500,Tobruk
9996,72501,Benghazi
9997,72501,Benghazi
9998,72515,Marsa al Brega
9999,72515,Marsa el Brega
10000,72515,Marsa al Brega/Marsa el Brega
10001,72515,Marsa al Brega
10002,72515,Marsa el Brega
10003,72515,Marsa al Brega/Marsa el Brega
10004,72516,Marsa al Hariga
10005,72516,Marsa el Hariga
10006,72516,Marsa al Hariga/Marsa el Hariga
10007,72516,Marsa al Hariga
10008,72516,Marsa el Hariga
10009,72516,Marsa al Hariga/Marsa el Hariga
10010,72519,As Sidr
10011,72519,Es Sider
10012,72519,As Sidr/Es Sider
10013,72519,As Sidr
10014,72519,Es Sider
10015,72519,As Sidr/Es Sider
10016,72520,Ras Lanuf
10017,72520,Sirtica Terminal
10018,72520,Ras Lanuf/Sirtica Terminal
10019,72520,Ras Lanuf
10020,72520,Sirtica Terminal
10021,72520,Ras Lanuf/Sirtica Terminal
10022,72525,Tripoli
10023,72525,Tripoli
10024,72590,Zavia
10025,72590,Zawia Oil Terminal
10026,72590,Zavia/Zawia Oil Terminal
10027,72590,Zavia
10028,72590,Zawia Oil Terminal
10029,72590,Zavia/Zawia Oil Terminal
10030,72591,Zuara
10031,72591,Zuwarah
10032,72591,Zuara/Zuwarah
10033,72591,Zuara
10034,72591,Zuwarah
10035,72591,Zuara/Zuwarah
10036,72595,Zuetina
10037,72595,Zuetina
10038,72900,All Other Egypt Mediterranean Region Ports
10039,72900,All Other Egypt Mediterranean Region Ports
10040,72901,Alexandria
10041,72901,El Dekheila
10042,72901,Alexandria/El Dekheila
10043,72901,Alexandria
10044,72901,El Dekheila
10045,72901,Alexandria/El Dekheila
10046,72905,Abu Kir Bay
10047,72905,Abu Qir
10048,72905,Abukir
10049,72905,Abu Kir Bay/Abu Qir/Abukir
10050,72905,Abu Kir Bay
10051,72905,Abu Qir
10052,72905,Abukir
10053,72905,Abu Kir Bay/Abu Qir/Abukir
10054,72906,El Alamein
10055,72906,El Hamra Oil Terminal
10056,72906,Mersa el Hamra
10057,72906,El Alamein/El Hamra Oil Terminal/Mersa el Hamra
10058,72906,El Alamein
10059,72906,El Hamra Oil Terminal
10060,72906,Mersa el Hamra
10061,72906,El Alamein/El Hamra Oil Terminal/Mersa el Hamra
10062,72912,Damietta
10063,72912,Mina Dumyat
10064,72912,Damietta/Mina Dumyat
10065,72912,Damietta
10066,72912,Mina Dumyat
10067,72912,Damietta/Mina Dumyat
10068,72913,Bur Said
10069,72913,Port Said
10070,72913,Bur Said/Port Said
10071,72913,Bur Said
10072,72913,Port Said
10073,72913,Bur Said/Port Said
10074,72914,Sidi Kerir
10075,72914,Sidi Kerir
10076,72925,El Ismailiya
10077,72925,Ismailia
10078,72925,El Ismailiya/Ismailia
10079,72925,El Ismailiya
10080,72925,Ismailia
10081,72925,El Ismailiya/Ismailia
10082,72932,Ain Sukhna
10083,72932,Ain Sukhna
10084,72939,Ras Gharib
10085,72939,Ras Gharib
10086,72940,Ras Shukheir
10087,72940,Ras Shukheir
10088,72945,Ras Sudr
10089,72945,Ras Sudr
10090,72947,East Zeit Terminal
10091,72947,Zeit Bay Terminal
10092,72947,East Zeit Terminal/Zeit Bay Terminal
10093,72947,East Zeit Terminal
10094,72947,Zeit Bay Terminal
10095,72947,East Zeit Terminal/Zeit Bay Terminal
10096,72948,Safaga
10097,72948,Safaga
10098,72949,Adabiya
10099,72949,Suez
10100,72949,Adabiya/Suez
10101,72949,Adabiya
10102,72949,Suez
10103,72949,Adabiya/Suez
10104,72999,Abu Zanimah
10105,72999,Abu Zenima
10106,72999,Al Quasayr
10107,72999,All Other Egypt Red Sea Region Ports
10108,72999,El Qoseir
10109,72999,El Quseir
10110,72999,Fanara
10111,72999,Geisum Terminal
10112,72999,Kossier
10113,72999,Ras Budran
10114,72999,Wadi Feiran
10115,72999,Abu Zanimah
10116,72999,Abu Zenima
10117,72999,Al Quasayr
10118,72999,All Other Egypt Red Sea Region Ports
10119,72999,El Qoseir
10120,72999,El Quseir
10121,72999,Fanara
10122,72999,Geisum Terminal
10123,72999,Kossier
10124,72999,Ras Budran
10125,72999,Wadi Feiran
10126,73201,Port Sudan
10127,73201,Port Sudan
10128,73700,All Western Sahara Ports
10129,73700,Dakhla
10130,73700,Villa Cisneros
10131,73700,All Western Sahara Ports
10132,73700,Dakhla
10133,73700,Villa Cisneros
10134,73701,Laayonne
10135,73701,Laayonne
10136,73800,All Other Equatorial Guinea Ports
10137,73800,Bata
10138,73800,Cogo
10139,73800,Rio Benito
10140,73800,All Other Equatorial Guinea Ports
10141,73800,Bata
10142,73800,Cogo
10143,73800,Rio Benito
10144,73801,Malabo
10145,73801,Rey Malabo
10146,73801,Santa Isabel
10147,73801,Malabo/Rey Malabo/Santa Isabel
10148,73801,Malabo
10149,73801,Rey Malabo
10150,73801,Santa Isabel
10151,73801,Malabo/Rey Malabo/Santa Isabel
10152,73802,Zafira
10153,73802,Zafira
10154,74100,All Other Mauritania Ports
10155,74100,Nouakchott
10156,74100,All Other Mauritania Ports
10157,74100,Nouakchott
10158,74165,Nouadhibou
10159,74165,Point Central
10160,74165,Port Etienne
10161,74165,Nouadhibou/Point Central/Port Etienne
10162,74165,Nouadhibou
10163,74165,Point Central
10164,74165,Port Etienne
10165,74165,Nouadhibou/Point Central/Port Etienne
10166,74201,Bonaberi
10167,74201,Douala
10168,74201,Kole Terminal
10169,74201,Bonaberi/Douala/Kole Terminal
10170,74201,Bonaberi
10171,74201,Douala
10172,74201,Kole Terminal
10173,74201,Bonaberi/Douala/Kole Terminal
10174,74213,Kribi
10175,74213,Kribi
10176,74296,Moudi Terminal
10177,74296,Moudi Terminal
10178,74297,Garoua
10179,74297,Garoua
10180,74298,Cap Limboah
10181,74298,Cap Limboh
10182,74298,Limbe
10183,74298,Limboh Terminal
10184,74298,Tiko
10185,74298,Victoria
10186,74298,Cap Limboah/Cap Limboh/Limbe/Limboh Terminal/Tiko/Victoria
10187,74298,Cap Limboah
10188,74298,Cap Limboh
10189,74298,Limbe
10190,74298,Limboh Terminal
10191,74298,Tiko
10192,74298,Victoria
10193,74298,Cap Limboah/Cap Limboh/Limbe/Limboh Terminal/Tiko/Victoria
10194,74299,All Other Cameroon Ports
10195,74299,All Other Cameroon Ports
10196,74473,Dakar
10197,74473,Dakar
10198,74499,All Other Senegal Ports
10199,74499,Kaolak
10200,74499,Rufisque
10201,74499,Ziguinchor
10202,74499,All Other Senegal Ports
10203,74499,Kaolak
10204,74499,Rufisque
10205,74499,Ziguinchor
10206,74619,Conakri
10207,74619,Conakry
10208,74619,Konakri
10209,74619,Conakri/Conakry/Konakri
10210,74619,Conakri
10211,74619,Conakry
10212,74619,Konakri
10213,74619,Conakri/Conakry/Konakri
10214,74625,Kamsar
10215,74625,Kamsar
10216,74699,All Other Guinea Ports
10217,74699,All Other Guinea Ports
10218,74751,Freetown
10219,74751,Freetown
10220,74799,All Other Sierra Leone Ports
10221,74799,Bonthe
10222,74799,Pepel
10223,74799,Sherbro
10224,74799,All Other Sierra Leone Ports
10225,74799,Bonthe
10226,74799,Pepel
10227,74799,Sherbro
10228,74825,Abidjan
10229,74825,Abidjan
10230,74826,Baobab Oil Field
10231,74826,Baobab Oil Field
10232,74827,San Pedro
10233,74827,San Pedro
10234,74899,All Other Ivory Coast Ports
10235,74899,Grand Bassam
10236,74899,Grand Lahou
10237,74899,Grand Lahu
10238,74899,Port Bouet
10239,74899,Sassandra
10240,74899,All Other Ivory Coast Ports
10241,74899,Grand Bassam
10242,74899,Grand Lahou
10243,74899,Grand Lahu
10244,74899,Port Bouet
10245,74899,Sassandra
10246,74900,All Other Ghana Ports
10247,74900,Axim
10248,74900,Cape Coast
10249,74900,Elmina
10250,74900,Saltpond
10251,74900,All Other Ghana Ports
10252,74900,Axim
10253,74900,Cape Coast
10254,74900,Elmina
10255,74900,Saltpond
10256,74901,Accra
10257,74901,Accra
10258,74985,Takoradi
10259,74985,Takoradi
10260,74990,Tema
10261,74990,Tema
10262,75041,Banjul
10263,75041,Bathurst
10264,75041,Banjul/Bathurst
10265,75041,Banjul
10266,75041,Bathurst
10267,75041,Banjul/Bathurst
10268,75099,All Other Gambia Ports
10269,75099,All Other Gambia Ports
10270,75200,All Other Togo Ports
10271,75200,Anecho
10272,75200,Kpeme
10273,75200,Little Popo
10274,75200,All Other Togo Ports
10275,75200,Anecho
10276,75200,Kpeme
10277,75200,Little Popo
10278,75291,Lome
10279,75291,Lome
10280,75300,Abonnema
10281,75300,Akassa
10282,75300,All Other Nigeria Ports
10283,75300,Burutu
10284,75300,Degema
10285,75300,Opobo
10286,75300,Abonnema
10287,75300,Akassa
10288,75300,All Other Nigeria Ports
10289,75300,Burutu
10290,75300,Degema
10291,75300,Opobo
10292,75313,Apapa
10293,75313,Apapa
10294,75315,Antan Terminal
10295,75315,Antan Terminal
10296,75320,Brass
10297,75320,Brass Terminal
10298,75320,Brass/Brass Terminal
10299,75320,Brass
10300,75320,Brass Terminal
10301,75320,Brass/Brass Terminal
10302,75322,Bonny
10303,75322,Bonny
10304,75323,Ukpokiti
10305,75323,Ukpokiti
10306,75330,Calabar
10307,75330,Calabar
10308,75345,Escravos
10309,75345,Escravos Oil Terminal
10310,75345,Escravos/Escravos Oil Terminal
10311,75345,Escravos
10312,75345,Escravos Oil Terminal
10313,75345,Escravos/Escravos Oil Terminal
10314,75349,Forcados
10315,75349,Forcados Terminal
10316,75349,Forcados/Forcados Terminal
10317,75349,Forcados
10318,75349,Forcados Terminal
10319,75349,Forcados/Forcados Terminal
10320,75361,Koko
10321,75361,Koko
10322,75367,Lagos
10323,75367,Tin Can Island
10324,75367,Lagos/Tin Can Island
10325,75367,Lagos
10326,75367,Tin Can Island
10327,75367,Lagos/Tin Can Island
10328,75380,Pennington
10329,75380,Pennington Terminal
10330,75380,Pennington/Pennington Terminal
10331,75380,Pennington
10332,75380,Pennington Terminal
10333,75380,Pennington/Pennington Terminal
10334,75383,Sapele
10335,75383,Sapele
10336,75385,Okrika
10337,75385,Onne
10338,75385,Port Harcourt
10339,75385,Okrika/Onne/Port Harcourt
10340,75385,Okrika
10341,75385,Onne
10342,75385,Port Harcourt
10343,75385,Okrika/Onne/Port Harcourt
10344,75387,Warri
10345,75387,Warri
10346,75389,Kwa Ibo Terminal
10347,75389,Qua Iboe
10348,75389,Que Iboe Terminal
10349,75389,Kwa Ibo Terminal/Qua Iboe/Que Iboe Terminal
10350,75389,Kwa Ibo Terminal
10351,75389,Qua Iboe
10352,75389,Que Iboe Terminal
10353,75389,Kwa Ibo Terminal/Qua Iboe/Que Iboe Terminal
10354,75500,All Other Gabon Ports
10355,75500,All Other Gabon Ports
10356,75501,Libreville
10357,75501,Libreville
10358,75503,Gamba
10359,75503,Tchatamba
10360,75503,Gamba/Tchatamba
10361,75503,Gamba
10362,75503,Tchatamba
10363,75503,Gamba/Tchatamba
10364,75505,Cap Lopez
10365,75505,Cape Lopez
10366,75505,Cap Lopez/Cape Lopez
10367,75505,Cap Lopez
10368,75505,Cape Lopez
10369,75505,Cap Lopez/Cape Lopez
10370,75515,Lucina Terminal
10371,75515,Lucina Terminal
10372,75517,Oguendjo Terminal
10373,75517,Oguendjo Terminal
10374,75521,Owendo
10375,75521,Owendo
10376,75525,Port Gentil
10377,75525,Port Gentil
10378,75898,"Clarence Bay, Ascension Is"
10379,75898,"Georgetown, Ascension Is"
10380,75898,"Clarence Bay, Ascension Is/Georgetown, Ascension Is"
10381,75898,"Clarence Bay, Ascension Is"
10382,75898,"Georgetown, Ascension Is"
10383,75898,"Clarence Bay, Ascension Is/Georgetown, Ascension Is"
10384,75899,All St. Helena Ports
10385,75899,"Jamestown, St. Helena"
10386,75899,All St. Helena Ports
10387,75899,"Jamestown, St. Helena"
10388,76100,All Other Benin Ports
10389,76100,Grand Popo
10390,76100,All Other Benin Ports
10391,76100,Grand Popo
10392,76101,Cotonou
10393,76101,Cotonou
10394,76102,Seme Terminal
10395,76102,Seme Terminal
10396,76231,Cabinda
10397,76231,Cabinda
10398,76274,Lobito
10399,76274,Lobito
10400,76278,Luanda
10401,76278,Luanda
10402,76279,Namibe
10403,76279,Namibe
10404,76281,Soyo Oil Terminal
10405,76281,Soyo‑Quinfuquena term.
10406,76281,Soyo Oil Terminal/Soyo‑Quinfuquena term.
10407,76281,Soyo Oil Terminal
10408,76281,Soyo-Quinfuquena term.
10409,76281,Soyo Oil Terminal/Soyo-Quinfuquena term.
10410,76282,Malongo Oil Terminal
10411,76282,Malongo Oil Terminal
10412,76283,Palanca Terminal
10413,76283,Palanca Terminal
10414,76284,Takula
10415,76284,Takula Terminal
10416,76284,Takula/Takula Terminal
10417,76284,Takula
10418,76284,Takula Terminal
10419,76284,Takula/Takula Terminal
10420,76288,Lombo
10421,76288,Lombo Terminal
10422,76288,Port Lombo
10423,76288,Lombo/Lombo Terminal/Port Lombo
10424,76288,Lombo
10425,76288,Lombo Terminal
10426,76288,Port Lombo
10427,76288,Lombo/Lombo Terminal/Port Lombo
10428,76299,All Other Angola Ports
10429,76299,Ambriz
10430,76299,Benguela
10431,76299,Cuio
10432,76299,Novo Redondo
10433,76299,Porto Alexandre
10434,76299,Porto Amboim
10435,76299,Tombua
10436,76299,All Other Angola Ports
10437,76299,Ambriz
10438,76299,Benguela
10439,76299,Cuio
10440,76299,Novo Redondo
10441,76299,Porto Alexandre
10442,76299,Porto Amboim
10443,76299,Tombua
10444,76300,All Other Congo (Brazzaville) Ports
10445,76300,All Other Congo (Brazzaville) Ports
10446,76330,Yombo
10447,76330,Yombo
10448,76345,Djeno Terminal
10449,76345,Djeno Terminal
10450,76350,Pointe Noire
10451,76350,Pointe Noire
10452,76465,Mindelo
10453,76465,Porto Grande
10454,76465,Mindelo/Porto Grande
10455,76465,Mindelo
10456,76465,Porto Grande
10457,76465,Mindelo/Porto Grande
10458,76475,Porto Praia
10459,76475,Praia
10460,76475,Porto Praia/Praia
10461,76475,Porto Praia
10462,76475,Praia
10463,76475,Porto Praia/Praia
10464,76489,All Guinea‑Bissau Ports
10465,76489,Bissau
10466,76489,All Guinea-Bissau Ports
10467,76489,Bissau
10468,76491,Sao Tome (St. Thomas)
10469,76491,Sao Tome (St. Thomas)
10470,76495,All Other Saotome and Principe Ports
10471,76495,All Other Saotome and Principe Ports
10472,76499,All Other Cape Verde Ports
10473,76499,Sal Island
10474,76499,All Other Cape Verde Ports
10475,76499,Sal Island
10476,76500,All Other Liberia Ports
10477,76500,Cape Palmas
10478,76500,Greenville
10479,76500,Harper
10480,76500,River Cess
10481,76500,Robertsport
10482,76500,Sinoe
10483,76500,All Other Liberia Ports
10484,76500,Cape Palmas
10485,76500,Greenville
10486,76500,Harper
10487,76500,River Cess
10488,76500,Robertsport
10489,76500,Sinoe
10490,76505,Buchanan
10491,76505,Buchanan
10492,76529,Monrovia
10493,76529,Monrovia
10494,76600,All Other Congo (Kinshasha) Ports
10495,76600,Banana
10496,76600,All Other Congo (Kinshasha) Ports
10497,76600,Banana
10498,76637,Matadi
10499,76637,Matadi
10500,76638,Boma
10501,76638,Boma
10502,76639,Moanda Terminal
10503,76639,Moanda Terminal
10504,77000,All Other Somalia Northern Region Ports
10505,77000,All Other Somalia Northern Region Ports
10506,77001,Berbera
10507,77001,Berbera
10508,77051,Mogadiscio
10509,77051,Mogadishu
10510,77051,Muqdisho
10511,77051,Mogadiscio/Mogadishu/Muqdisho
10512,77051,Mogadiscio
10513,77051,Mogadishu
10514,77051,Muqdisho
10515,77051,Mogadiscio/Mogadishu/Muqdisho
10516,77099,All Other Somalia Eastern Region Ports
10517,77099,Chisimaio
10518,77099,Kismaayo
10519,77099,Kismayu
10520,77099,All Other Somalia Eastern Region Ports
10521,77099,Chisimaio
10522,77099,Kismaayo
10523,77099,Kismayu
10524,77405,Aseb
10525,77405,Assab
10526,77405,Aseb/Assab
10527,77405,Aseb
10528,77405,Assab
10529,77405,Aseb/Assab
10530,77409,Massaua
10531,77409,Massawa
10532,77409,Mitsiwa
10533,77409,Massaua/Massawa/Mitsiwa
10534,77409,Massaua
10535,77409,Massawa
10536,77409,Mitsiwa
10537,77409,Massaua/Massawa/Mitsiwa
10538,77419,All Other Eritrea Ports
10539,77419,All Other Eritrea Ports
10540,77701,Djibouti
10541,77701,Djibouti
10542,77913,Kilindini
10543,77913,Mombasa
10544,77913,Kilindini/Mombasa
10545,77913,Kilindini
10546,77913,Mombasa
10547,77913,Kilindini/Mombasa
10548,77999,All Other Kenya Ports
10549,77999,"Lamu, Lamu Is"
10550,77999,All Other Kenya Ports
10551,77999,"Lamu, Lamu Is"
10552,78000,All Other Seychelles Ports
10553,78000,All Other Seychelles Ports
10554,78083,Port Victoria
10555,78083,Victoria
10556,78083,Port Victoria/Victoria
10557,78083,Port Victoria
10558,78083,Victoria
10559,78083,Port Victoria/Victoria
10560,78100,All Other British Indian Ocean Territory
10561,78100,All Other British Indian Ocean Territory
10562,78101,Diego Garcia
10563,78101,Diego Garcia
10564,78351,Dar es Salaam
10565,78351,Dar es Salaam
10566,78379,Tanga
10567,78379,Tanga
10568,78387,Zanzibar
10569,78387,Zanzibar
10570,78399,All Other Tanzania Ports
10571,78399,Kilwa Kivinje
10572,78399,Lindi
10573,78399,Mikindani
10574,78399,Mtwara
10575,78399,Pangani
10576,78399,Pemba Island
10577,78399,All Other Tanzania Ports
10578,78399,Kilwa Kivinje
10579,78399,Lindi
10580,78399,Mikindani
10581,78399,Mtwara
10582,78399,Pangani
10583,78399,Pemba Island
10584,78500,All Other Mauritius Ports
10585,78500,All Other Mauritius Ports
10586,78501,Port Louis
10587,78501,Port Louis
10588,78700,All Other Mozambique Ports
10589,78700,Chinde
10590,78700,Mocimboa de Praia
10591,78700,Pebane
10592,78700,Quelimane
10593,78700,All Other Mozambique Ports
10594,78700,Chinde
10595,78700,Mocimboa de Praia
10596,78700,Pebane
10597,78700,Quelimane
10598,78701,Beira
10599,78701,Beira
10600,78717,Maputo
10601,78717,Maputo
10602,78725,Mozambique Island
10603,78725,Mozambique Island
10604,78735,Nacala
10605,78735,Nacala
10606,78800,All Other Madagascar Ports
10607,78800,Antalaha
10608,78800,Antsirana
10609,78800,Antsiranana
10610,78800,Cap Diego
10611,78800,Diego Suarez
10612,78800,Farafangana
10613,78800,Fenerive
10614,78800,Mahajanga
10615,78800,Majunga
10616,78800,Manakara
10617,78800,Mananjari
10618,78800,Mananjary
10619,78800,Mananzhari
10620,78800,Morombe
10621,78800,Morondava
10622,78800,Nossi Be
10623,78800,Nosy Be
10624,78800,Sambava
10625,78800,Tolaguaro
10626,78800,Toliara
10627,78800,Toliary
10628,78800,Tulear
10629,78800,All Other Madagascar Ports
10630,78800,Antalaha
10631,78800,Antsirana
10632,78800,Antsiranana
10633,78800,Cap Diego
10634,78800,Diego Suarez
10635,78800,Farafangana
10636,78800,Fenerive
10637,78800,Mahajanga
10638,78800,Majunga
10639,78800,Manakara
10640,78800,Mananjari
10641,78800,Mananjary
10642,78800,Mananzhari
10643,78800,Morombe
10644,78800,Morondava
10645,78800,Nossi Be
10646,78800,Nosy Be
10647,78800,Sambava
10648,78800,Tolaguaro
10649,78800,Toliara
10650,78800,Toliary
10651,78800,Tulear
10652,78845,Tamatave
10653,78845,Toamasina
10654,78845,Tamatave/Toamasina
10655,78845,Tamatave
10656,78845,Toamasina
10657,78845,Tamatave/Toamasina
10658,78900,All Comoros Ports
10659,78900,"Dzaoudzi, Mayotte Is"
10660,78900,Moroni
10661,78900,Mutsamudu
10662,78900,All Comoros Ports
10663,78900,"Dzaoudzi, Mayotte Is"
10664,78900,Moroni
10665,78900,Mutsamudu
10666,79051,Pointe des Galets
10667,79051,Pointe des Galets
10668,79052,Saint Denis
10669,79052,St. Denis
10670,79052,Saint Denis/St. Denis
10671,79052,Saint Denis
10672,79052,St. Denis
10673,79052,Saint Denis/St. Denis
10674,79100,All Other Republic of South Africa Ports
10675,79100,Mossel Baai
10676,79100,Mossel Bay
10677,79100,Port Nollath
10678,79100,Saldanha Bay
10679,79100,Simonstown
10680,79100,All Other Republic of South Africa Ports
10681,79100,Mossel Baai
10682,79100,Mossel Bay
10683,79100,Port Nollath
10684,79100,Saldanha Bay
10685,79100,Simonstown
10686,79101,Cape Town
10687,79101,Cape Town
10688,79113,Durban
10689,79113,Port Natal
10690,79113,Durban/Port Natal
10691,79113,Durban
10692,79113,Port Natal
10693,79113,Durban/Port Natal
10694,79125,East London
10695,79125,East London
10696,79145,Port Elizabeth
10697,79145,Port Elizabeth
10698,79155,Richard's Bay
10699,79155,Richard's Bay
10700,79286,Walvis Baai
10701,79286,Walvis Bay
10702,79286,Walvis Baai/Walvis Bay
10703,79286,Walvis Baai
10704,79286,Walvis Bay
10705,79286,Walvis Baai/Walvis Bay
10706,79299,All Other Namibia Ports
10707,79299,Luderitz
10708,79299,All Other Namibia Ports
10709,79299,Luderitz
10710,80101,Alberta
10711,80101,Alberta
10712,80102,Manitoba
10713,80102,Manitoba
10714,80103,Saskatchenwan
10715,80103,Saskatchenwan
10716,80104,Northwest Territories
10717,80104,Northwest Territories
10718,80105,Yukon
10719,80105,Yukon
10720,80106,British Columbia
10721,80106,British Columbia
10722,80107,Ontaria
10723,80107,Ontaria
10724,80109,Quebec
10725,80109,Quebec
10726,80110,New Brunswick
10727,80110,New Brunswick
10728,80111,Prince Edward Island
10729,80111,Prince Edward Island
10730,80112,Newfoundland
10731,80112,Newfoundland
10732,80113,Nunavut
10733,80113,Nunavut
10734,91115,"Christiansted, St. Croix"
10735,91115,"Christiansted, St. Croix"
10736,91125,"Hess Oil Terminal, St. Croix"
10737,91125,"Hovic, St. Croix"
10738,91125,"Port Hess, St. Croix"
10739,91125,"Hess Oil Terminal, St. Croix/Hovic, St. Croix/Port Hess, St. Croix"
10740,91125,"Hess Oil Terminal, St. Croix"
10741,91125,"Hovic, St. Croix"
10742,91125,"Port Hess, St. Croix"
10743,91125,"Hess Oil Terminal, St. Croix/Hovic, St. Croix/Port Hess, St. Croix"
10744,91145,"Frederiksted, St. Croix"
10745,91145,"Frederiksted, St. Croix"
10746,91149,All Other St. Croix Virgin Islands
10747,91149,St. Croix
10748,91149,All Other St. Croix Virgin Islands
10749,91149,St. Croix
10750,91155,"Charlotte Amalie, St. Thomas"
10751,91155,"Saint Thomas, St. Thomas"
10752,91155,ST. Thomas
10753,91155,"Charlotte Amalie, St. Thomas/Saint Thomas, St. Thomas/ST. Thomas"
10754,91155,"Charlotte Amalie, St. Thomas"
10755,91155,"Saint Thomas, St. Thomas"
10756,91155,ST. Thomas
10757,91155,"Charlotte Amalie, St. Thomas/Saint Thomas, St. Thomas/ST. Thomas"
10758,91160,"Cruz Bay, St. John Island"
10759,91160,"Cruz Bay, St. John Island"
10760,91195,All Other Virgin Islands Ports
10761,91195,All Other Virgin Islands Ports
10762,92001,Military - Yokohama
10763,92001,Military - Yokohama
10764,92002,Military – Naha
10765,92002,Military – Naha
10766,92003,Military – Mannheim
10767,92003,Military – Mannheim
10768,92004,Military - Germersheim
10769,92004,Military - Germersheim
10770,92005,Military - Escravos
10771,92005,Military - Escravos
10772,92006,Military – Bass River Terminal
10773,92006,Military – Bass River Terminal
10774,92007,Military - Hsinhaing
10775,92007,Military - Hsinhaing
10776,92008,Military - Guangzhou
10777,92008,Military - Guangzhou
10778,92009,Military - Tainjin
10779,92009,Military - Tainjin
10780,92010,Military - Quingdau
10781,92010,Military - Quingdau
10782,92011,Military – Port Kelang
10783,92011,Military – Port Kelang
10784,92012,Military - Kajang
10785,92012,Military - Kajang
10786,92013,Military - Al Zubair
10787,92013,Military - Al Zubair
10788,92014,Military - Oktyabrsk
10789,92014,Military - Oktyabrsk
10790,92015,Military - Mykolayiv
10791,92015,Military - Mykolayiv
10792,92016,Military - Sfax
10793,92016,Military - Sfax
10794,92017,Military - Aschaffenburg
10795,92017,Military - Aschaffenburg
10796,92018,Military – Mina Qaboos
10797,92018,Military – Mina Qaboos
10798,92019,Military - Muscat
10799,92019,Military - Muscat
10800,93501,Guam Island
10801,93501,Guam Island
10802,95101,Pago Pago Harbor
10803,95101,Pago Pago Harbor
10804,96165,Saipan
10805,96165,Saipan
10806,96169,Tinian
10807,96169,Tinian
10808,97001,"North Atlantic CMC (ME, VT, MA, RI, CT states)"
10809,97001,"North Atlantic CMC (ME, VT, MA, RI, CT states)"
10810,97002,"New York CMC (NYC, NJ)"
10811,97002,"New York CMC (NYC, NJ)"
10812,97003,East Great Lakes CMC (NY)
10813,97003,East Great Lakes CMC (NY)
10814,97004,"Mid Atlantic CMC (PA, MD, DE)"
10815,97004,"Mid Atlantic CMC (PA, MD, DE)"
10816,97005,"South Atlantic CMC (WV, VA, NC, SC, GA)"
10817,97005,"South Atlantic CMC (WV, VA, NC, SC, GA)"
10818,97006,North Florida CMC
10819,97006,North Florida CMC
10820,97007,South Florida CMC
10821,97007,South Florida CMC
10822,97008,PR- Virgin Islands CMC
10823,97008,PR- Virgin Islands CMC
10824,97009,"Gulf CMC (LA, MS, AL,AR, TN)"
10825,97009,"Gulf CMC (LA, MS, AL,AR, TN)"
10826,97010,East Texas CMC (Gulf Ports)
10827,97010,East Texas CMC (Gulf Ports)
10828,97011,South Texas CM (Gulf Ports)
10829,97011,South Texas CM (Gulf Ports)
10830,97012,West Texas / New Mexico CMC
10831,97012,West Texas / New Mexico CMC
10832,97013,Arizona CMC
10833,97013,Arizona CMC
10834,97014,Southern California CMC (San Diego)
10835,97014,Southern California CMC (San Diego)
10836,97015,"South Pacific CMC (Southen CA, LA/ Long Beach)"
10837,97015,"South Pacific CMC (Southen CA, LA/ Long Beach)"
10838,97016,"Mid Pacific CMC (Northern CA, Hawaii)"
10839,97016,"Mid Pacific CMC (Northern CA, Hawaii)"
10840,97017,"North Pacific CMC (Portland, OR and Alaska)"
10841,97017,"North Pacific CMC (Portland, OR and Alaska)"
10842,97018,"NW Great Plains CMC (Includes WA sea coast, MT, ND part of MN)"
10843,97018,"NW Great Plains CMC (Includes WA sea coast, MT, ND part of MN)"
10844,97019,"Mid America CMC (SD, MN, WI, NE, IA, IL, IN, OH, KY, MO, KS)"
10845,97019,"Mid America CMC (SD, MN, WI, NE, IA, IL, IN, OH, KY, MO, KS)"
10846,97020,West Great Lakes CMC (MI)
10847,97020,West Great Lakes CMC (MI)
10848,97101,Aguascalientes
10849,97101,Aguascalientes
10850,97102,Baja California
10851,97102,Baja California
10852,97103,Baja California Sur
10853,97103,Baja California Sur
10854,97104,Chihuahua
10855,97104,Chihuahua
10856,97105,Colima
10857,97105,Colima
10858,97106,Campeche
10859,97106,Campeche
10860,97107,Coahuila
10861,97107,Coahuila
10862,97108,Chiapas
10863,97108,Chiapas
10864,97109,Distrito Federal
10865,97109,Distrito Federal
10866,97110,Durango
10867,97110,Durango
10868,97111,Guerrero
10869,97111,Guerrero
10870,97112,Guanajuato
10871,97112,Guanajuato
10872,97113,Hidalgo
10873,97113,Hidalgo
10874,97114,Jalisco
10875,97114,Jalisco
10876,97115,Michoacan
10877,97115,Michoacan
10878,97116,Morelos
10879,97116,Morelos
10880,97117,Mexico
10881,97117,Mexico
10882,97118,Nayarit
10883,97118,Nayarit
10884,97119,Nuevo Leon
10885,97119,Nuevo Leon
10886,97120,Oaxaca
10887,97120,Oaxaca
10888,97121,Puebla
10889,97121,Puebla
10890,97122,Quintana Roo
10891,97122,Quintana Roo
10892,97123,Queretaro
10893,97123,Queretaro
10894,97124,Sinaloa
10895,97124,Sinaloa
10896,97125,San Luis Potosi
10897,97125,San Luis Potosi
10898,97126,Sonora
10899,97126,Sonora
10900,97127,Tabasco
10901,97127,Tabasco
10902,97128,Tlaxcala
10903,97128,Tlaxcala
10904,97129,Tamaulipas
10905,97129,Tamaulipas
10906,97130,Veracruz
10907,97130,Veracruz
10908,97131,Yucatan
10909,97131,Yucatan
10910,97132,Zacatecas
10911,97132,Zacatecas
10912,98000,All United States Outlying Islands
10913,98000,All United States Outlying Islands
10914,99900,High Seas (Outside U.S. Territorial Waters)
10915,99900,High Seas (Outside U.S. Territorial Waters)
10916,99910,North Atlantic (Maine to Cape Hatteras)
10917,99910,North Atlantic (Maine to Cape Hatteras)
10918,99920,South Atlantic (Cape Hatteras to Florida)
10919,99920,South Atlantic (Cape Hatteras to Florida)
10920,99930,Gulf of Mexico
10921,99930,Gulf of Mexico
10922,99940,"North Pacific (Alaska, Washington, Oregon)"
10923,99940,"North Pacific (Alaska, Washington, Oregon)"
10924,99950,South Pacific (California)
10925,99950,South Pacific (California)
10926,99999,Foreign Trade Zone in USA
